matchup,feature_A,feature_B,feature_source,target,n_matchup_rows_all_h
pass_game_epa,team_offense.pass_epa_per_dropback,team_defense.pass_epa_per_dropback,"Phase 4 corrected shrunk_feature (season_to_date window, k walk-forward)",Team A future pass_epa_per_dropback over the horizon (Phase 3 target construction),12097
pass_game_success,team_offense.pass_success_rate,team_defense.pass_success_rate,"Phase 4 corrected shrunk_feature (season_to_date window, k walk-forward)",Team A future pass_success_rate over the horizon (Phase 3 target construction),12097
rush_game_success,team_offense.rush_success_rate,team_defense.rush_success_rate,"Phase 4 corrected shrunk_feature (season_to_date window, k walk-forward)",Team A future rush_success_rate over the horizon (Phase 3 target construction),12097
overall_epa,team_offense.epa_per_play,team_defense.epa_per_play,"Phase 4 corrected shrunk_feature (season_to_date window, k walk-forward)",Team A future epa_per_play over the horizon (Phase 3 target construction),12097
overall_success,team_offense.success_rate,team_defense.success_rate,"Phase 4 corrected shrunk_feature (season_to_date window, k walk-forward)",Team A future success_rate over the horizon (Phase 3 target construction),12097
early_down_epa,team_offense.early_down_epa_per_play,team_defense.early_down_epa_per_play,"Phase 4 corrected shrunk_feature (season_to_date window, k walk-forward)",Team A future early_down_epa_per_play over the horizon (Phase 3 target construction),12097
protection_vs_rush_hit,pass_protection.qb_hit_rate_allowed,pass_rush.qb_hit_rate_generated,"Phase 4 corrected shrunk_feature (season_to_date window, k walk-forward)",Team A future qb_hit_rate_allowed over the horizon (Phase 3 target construction),12258
qb_vs_pass_defense_epa,qb.epa_per_dropback,team_defense.pass_epa_per_dropback,"Phase 4 corrected shrunk_feature (season_to_date window, k walk-forward)",Team A future epa_per_dropback over the horizon (Phase 3 target construction),10910
qb_vs_pass_defense_success,qb.dropback_success_rate,team_defense.pass_success_rate,"Phase 4 corrected shrunk_feature (season_to_date window, k walk-forward)",Team A future dropback_success_rate over the horizon (Phase 3 target construction),10910
