source,season,unit,weight_kind,total_weight,unmatched_weight,unmatched_share,rows,unmatched_rows
pfr_def,2018,ALL,rows,7277.0,0.0,0.0,7277,0
pfr_def,2019,ALL,rows,7285.0,8.0,0.0011,7285,8
pfr_def,2020,ALL,rows,7643.0,2.0,0.00026,7643,2
pfr_def,2021,ALL,rows,8442.0,2.0,0.00024,8442,2
pfr_def,2022,ALL,rows,7878.0,0.0,0.0,7878,0
pfr_def,2023,ALL,rows,7902.0,0.0,0.0,7902,0
pfr_def,2024,ALL,rows,7992.0,0.0,0.0,7992,0
pfr_def,2025,ALL,rows,7926.0,2.0,0.00025,7926,2
pfr_pass,2018,ALL,rows,646.0,0.0,0.0,646,0
pfr_pass,2019,ALL,rows,640.0,0.0,0.0,640,0
pfr_pass,2020,ALL,rows,666.0,0.0,0.0,666,0
pfr_pass,2021,ALL,rows,706.0,0.0,0.0,706,0
pfr_pass,2022,ALL,rows,685.0,0.0,0.0,685,0
pfr_pass,2023,ALL,rows,700.0,0.0,0.0,700,0
pfr_pass,2024,ALL,rows,697.0,0.0,0.0,697,0
pfr_pass,2025,ALL,rows,684.0,0.0,0.0,684,0
pfr_rec,2018,ALL,rows,4292.0,0.0,0.0,4292,0
pfr_rec,2019,ALL,rows,4269.0,2.0,0.00047,4269,2
pfr_rec,2020,ALL,rows,4428.0,0.0,0.0,4428,0
pfr_rec,2021,ALL,rows,4608.0,3.0,0.00065,4608,3
pfr_rec,2022,ALL,rows,4547.0,1.0,0.00022,4547,1
pfr_rec,2023,ALL,rows,4594.0,1.0,0.00022,4594,1
pfr_rec,2024,ALL,rows,4453.0,2.0,0.00045,4453,2
pfr_rec,2025,ALL,rows,4533.0,3.0,0.00066,4533,3
pfr_rush,2018,ALL,rows,2189.0,0.0,0.0,2189,0
pfr_rush,2019,ALL,rows,2148.0,0.0,0.0,2148,0
pfr_rush,2020,ALL,rows,2266.0,1.0,0.00044,2266,1
pfr_rush,2021,ALL,rows,2375.0,0.0,0.0,2375,0
pfr_rush,2022,ALL,rows,2389.0,0.0,0.0,2389,0
pfr_rush,2023,ALL,rows,2380.0,0.0,0.0,2380,0
pfr_rush,2024,ALL,rows,2359.0,0.0,0.0,2359,0
pfr_rush,2025,ALL,rows,2355.0,3.0,0.00127,2355,3
snap_counts,2013,DB,snaps,217990.0,0.0,0.0,4640,0
snap_counts,2013,DL,snaps,136913.0,54.0,0.00039,3553,2
snap_counts,2013,LB,snaps,146869.0,33.0,0.00022,3494,2
snap_counts,2013,OL,snaps,201567.0,0.0,0.0,4231,0
snap_counts,2013,QB,snaps,36158.0,0.0,0.0,633,0
snap_counts,2013,RB,snaps,56863.0,0.0,0.0,2065,0
snap_counts,2013,ST,snaps,10173.0,0.0,0.0,1067,0
snap_counts,2013,TE,snaps,60090.0,0.0,0.0,1579,0
snap_counts,2013,WR,snaps,99496.0,0.0,0.0,2537,0
snap_counts,2014,DB,snaps,214977.0,0.0,0.0,4596,0
snap_counts,2014,DL,snaps,132303.0,0.0,0.0,3581,0
snap_counts,2014,LB,snaps,148288.0,0.0,0.0,3549,0
snap_counts,2014,OL,snaps,198985.0,0.0,0.0,4237,0
snap_counts,2014,QB,snaps,36004.0,0.0,0.0,665,0
snap_counts,2014,RB,snaps,54358.0,0.0,0.0,2025,0
snap_counts,2014,ST,snaps,9875.0,0.0,0.0,1089,0
snap_counts,2014,TE,snaps,58827.0,0.0,0.0,1534,0
snap_counts,2014,WR,snaps,101315.0,62.0,0.00061,2588,7
snap_counts,2015,DB,snaps,219687.0,0.0,0.0,4595,0
snap_counts,2015,DL,snaps,132237.0,0.0,0.0,3475,0
snap_counts,2015,LB,snaps,149542.0,24.0,0.00016,3695,2
snap_counts,2015,OL,snaps,201534.0,0.0,0.0,4259,0
snap_counts,2015,QB,snaps,36678.0,0.0,0.0,653,0
snap_counts,2015,RB,snaps,55396.0,0.0,0.0,2035,0
snap_counts,2015,ST,snaps,9971.0,0.0,0.0,1082,0
snap_counts,2015,TE,snaps,58115.0,23.0,0.0004,1488,1
snap_counts,2015,WR,snaps,103409.0,0.0,0.0,2560,0
snap_counts,2016,DB,snaps,217295.0,0.0,0.0,4650,0
snap_counts,2016,DL,snaps,129605.0,0.0,0.0,3557,0
snap_counts,2016,LB,snaps,148026.0,0.0,0.0,3598,0
snap_counts,2016,OL,snaps,200386.0,0.0,0.0,4269,0
snap_counts,2016,QB,snaps,36171.0,0.0,0.0,649,0
snap_counts,2016,RB,snaps,53295.0,9.0,0.00017,1943,1
snap_counts,2016,ST,snaps,9874.0,0.0,0.0,1071,0
snap_counts,2016,TE,snaps,55079.0,117.0,0.00212,1483,5
snap_counts,2016,WR,snaps,106216.0,17.0,0.00016,2670,1
snap_counts,2017,DB,snaps,214752.0,0.0,0.0,4648,0
snap_counts,2017,DL,snaps,131603.0,0.0,0.0,3601,0
snap_counts,2017,LB,snaps,142933.0,0.0,0.0,3509,0
snap_counts,2017,OL,snaps,197596.0,0.0,0.0,4228,0
snap_counts,2017,QB,snaps,35986.0,0.0,0.0,643,0
snap_counts,2017,RB,snaps,54460.0,0.0,0.0,1974,0
snap_counts,2017,ST,snaps,9796.0,0.0,0.0,1067,0
snap_counts,2017,TE,snaps,58759.0,0.0,0.0,1577,0
snap_counts,2017,WR,snaps,101982.0,0.0,0.0,2615,0
snap_counts,2018,DB,snaps,217685.0,0.0,0.0,4738,0
snap_counts,2018,DL,snaps,132047.0,0.0,0.0,3603,0
snap_counts,2018,LB,snaps,138453.0,0.0,0.0,3458,0
snap_counts,2018,OL,snaps,195951.0,0.0,0.0,4245,0
snap_counts,2018,QB,snaps,36398.0,0.0,0.0,665,0
snap_counts,2018,RB,snaps,51935.0,0.0,0.0,1869,0
snap_counts,2018,ST,snaps,9744.0,0.0,0.0,1068,0
snap_counts,2018,TE,snaps,56130.0,0.0,0.0,1587,0
snap_counts,2018,WR,snaps,103451.0,0.0,0.0,2644,0
snap_counts,2019,DB,snaps,218369.0,460.0,0.00211,4788,17
snap_counts,2019,DL,snaps,128759.0,27.0,0.00021,3478,1
snap_counts,2019,LB,snaps,144115.0,0.0,0.0,3517,0
snap_counts,2019,OL,snaps,198222.0,0.0,0.0,4257,0
snap_counts,2019,QB,snaps,36282.0,0.0,0.0,644,0
snap_counts,2019,RB,snaps,54870.0,0.0,0.0,1957,0
snap_counts,2019,ST,snaps,9776.0,0.0,0.0,1067,0
snap_counts,2019,TE,snaps,55956.0,0.0,0.0,1498,0
snap_counts,2019,WR,snaps,102854.0,302.0,0.00294,2656,13
snap_counts,2020,DB,snaps,219423.0,181.0,0.00082,4894,9
snap_counts,2020,DL,snaps,139465.0,0.0,0.0,3775,0
snap_counts,2020,EDGE,snaps,12255.0,0.0,0.0,321,0
snap_counts,2020,LB,snaps,122826.0,0.0,0.0,3133,0
snap_counts,2020,OL,snaps,180513.0,7.0,0.00004,4174,2
snap_counts,2020,OTHER,snaps,26131.0,0.0,0.0,616,0
snap_counts,2020,QB,snaps,36425.0,0.0,0.0,683,0
snap_counts,2020,RB,snaps,50976.0,0.0,0.0,1930,0
snap_counts,2020,ST,snaps,9942.0,4.0,0.0004,1069,1
snap_counts,2020,TE,snaps,58052.0,157.0,0.0027,1653,8
snap_counts,2020,WR,snaps,102870.0,21.0,0.0002,2751,1
snap_counts,2021,DB,snaps,228663.0,122.0,0.00053,5186,9
snap_counts,2021,DL,snaps,138154.0,0.0,0.0,3947,0
snap_counts,2021,LB,snaps,149345.0,0.0,0.0,3910,0
snap_counts,2021,OL,snaps,209077.0,34.0,0.00016,4801,10
snap_counts,2021,QB,snaps,38011.0,0.0,0.0,723,0
snap_counts,2021,RB,snaps,54812.0,0.0,0.0,2044,0
snap_counts,2021,ST,snaps,10005.0,0.0,0.0,1138,0
snap_counts,2021,TE,snaps,60747.0,0.0,0.0,1726,0
snap_counts,2021,WR,snaps,109483.0,182.0,0.00166,2993,15
snap_counts,2022,DB,snaps,225047.0,36.0,0.00016,5148,2
snap_counts,2022,DL,snaps,135025.0,10.0,0.00007,3914,2
snap_counts,2022,LB,snaps,152539.0,0.0,0.0,3978,0
snap_counts,2022,OL,snaps,206643.0,7.0,0.00003,4839,3
snap_counts,2022,QB,snaps,37362.0,0.0,0.0,683,0
snap_counts,2022,RB,snaps,55027.0,0.0,0.0,2044,0
snap_counts,2022,ST,snaps,9937.0,0.0,0.0,1138,0
snap_counts,2022,TE,snaps,62274.0,0.0,0.0,1763,0
snap_counts,2022,WR,snaps,105101.0,19.0,0.00018,2874,1
snap_counts,2023,DB,snaps,228923.0,0.0,0.0,5211,0
snap_counts,2023,DL,snaps,135352.0,0.0,0.0,3971,0
snap_counts,2023,LB,snaps,152136.0,0.0,0.0,3947,0
snap_counts,2023,OL,snaps,207815.0,0.0,0.0,4898,0
snap_counts,2023,QB,snaps,38078.0,0.0,0.0,729,0
snap_counts,2023,RB,snaps,52217.0,0.0,0.0,1911,0
snap_counts,2023,ST,snaps,9987.0,0.0,0.0,1139,0
snap_counts,2023,TE,snaps,61287.0,262.0,0.00427,1734,14
snap_counts,2023,WR,snaps,108602.0,0.0,0.0,3000,0
snap_counts,2024,DB,snaps,223191.0,6.0,0.00003,5213,1
snap_counts,2024,DL,snaps,137221.0,0.0,0.0,4077,0
snap_counts,2024,LB,snaps,150808.0,0.0,0.0,3831,0
snap_counts,2024,OL,snaps,207634.0,536.0,0.00258,4980,23
snap_counts,2024,QB,snaps,37251.0,0.0,0.0,718,0
snap_counts,2024,RB,snaps,51791.0,0.0,0.0,1922,0
snap_counts,2024,ST,snaps,10125.0,0.0,0.0,1139,0
snap_counts,2024,TE,snaps,63561.0,286.0,0.0045,1802,14
snap_counts,2024,WR,snaps,105753.0,111.0,0.00105,2933,4
snap_counts,2025,DB,snaps,215883.0,56.0,0.00026,5188,4
snap_counts,2025,DL,snaps,136330.0,248.0,0.00182,4039,14
snap_counts,2025,LB,snaps,151128.0,0.0,0.0,3896,0
snap_counts,2025,OL,snaps,205504.0,361.0,0.00176,4983,19
snap_counts,2025,QB,snaps,36911.0,1.0,0.00003,716,1
snap_counts,2025,RB,snaps,51327.0,61.0,0.00119,1935,7
snap_counts,2025,ST,snaps,10005.0,0.0,0.0,1139,0
snap_counts,2025,TE,snaps,63355.0,0.0,0.0,1787,0
snap_counts,2025,WR,snaps,101353.0,282.0,0.00278,2929,10
