games,wins,ties,losses,points_for,points_against,point_diff,points_for_pg,points_against_pg,win_pct,team,index_value_offense_overall,index_value_passing_offense,index_value_rushing_offense,index_value_pass_protection,index_value_defense_overall,index_value_passing_defense,index_value_rushing_defense,index_value_pass_rush,index_value_special_teams,rank_of_league_offense_overall,rank_of_league_passing_offense,rank_of_league_rushing_offense,rank_of_league_pass_protection,rank_of_league_defense_overall,rank_of_league_passing_defense,rank_of_league_rushing_defense,rank_of_league_pass_rush,rank_of_league_special_teams,top_strength_domain,top_strength_index,top_weakness_domain,top_weakness_index,overall_confidence,season,through_week
1,1,0,0,26,14,12,26.0,14.0,1.0,ARI,0.21911475409705958,0.14268173404290924,0.013798094219489368,0.14909362944864313,0.09460501397052719,0.11955510316193621,0.14902262368725536,0.016835086075705274,-0.23077948775225995,9,8,18,7,10,7,7,13,30,offense_overall,0.21911475409705958,special_teams,-0.23077948775225995,low,2026,1
1,0,0,1,13,20,-7,13.0,20.0,0.0,ATL,-0.4057556903814484,-0.2726572598018287,0.024590603374144475,-0.3389806889953599,0.19550923159087888,0.20782314362285176,0.17641148043065694,-0.059861165099445654,-0.12946716217687443,32,31,16,29,3,3,4,21,28,passing_defense,0.20782314362285176,offense_overall,-0.4057556903814484,low,2026,1
1,1,0,0,41,23,18,41.0,23.0,1.0,BAL,0.2776071881695458,0.23870590535039007,0.1081427940437,0.06297053862398147,0.1327992312262303,0.21329475295442826,-0.26368536216516764,0.13150281436568192,0.16422988264927835,5,5,7,13,5,2,32,7,6,offense_overall,0.2776071881695458,rushing_defense,-0.26368536216516764,low,2026,1
1,1,0,0,36,31,5,36.0,31.0,1.0,BUF,0.2285976989408153,0.2521895326724561,-0.15557326576469582,0.09856206845026504,-0.08330263088369559,-0.06155413203891706,-0.043673499791993066,0.10299992190883081,0.16101814606784595,8,4,25,10,22,20,21,10,7,passing_offense,0.2521895326724561,rushing_offense,-0.15557326576469582,low,2026,1
1,0,0,1,37,59,-22,37.0,59.0,0.0,CAR,0.20744366463999084,0.15406264892355115,0.04409291995288,0.10760576177563334,-0.27576701811117604,-0.31886715749823,-0.08734433294160278,-0.11907885530992046,-0.05493048846229468,10,7,15,8,30,30,24,26,24,offense_overall,0.20744366463999084,passing_defense,-0.31886715749823,low,2026,1
1,1,0,0,59,37,22,59.0,37.0,1.0,CHI,0.49076808390910864,0.33410848799361265,0.08683758152937651,0.1528859823956456,-0.11742564673437537,-0.11734984337539353,-0.012301433777097118,-0.08908836696049405,0.1875194528578589,3,2,11,6,24,24,17,24,5,offense_overall,0.49076808390910864,defense_overall,-0.11742564673437537,low,2026,1
1,1,0,0,33,27,6,33.0,27.0,1.0,CIN,0.11946025763449401,0.0367221510838392,0.05041004622026321,0.08734002447801054,-0.02450464318273619,0.059309230983605805,-0.06812202785590872,0.1529096693622734,0.2141367317991869,12,12,13,11,20,11,22,6,3,special_teams,0.2141367317991869,rushing_defense,-0.06812202785590872,low,2026,1
1,0,0,1,10,34,-24,10.0,34.0,0.0,CLE,-0.1285159473223674,-0.03863229577339188,0.005521278549843122,-0.5031544164610081,-0.30741710550829443,-0.46829103214063134,-0.14538225052535747,-0.09152859868438806,0.2801368294688571,22,18,19,32,32,32,29,25,1,special_teams,0.2801368294688571,pass_protection,-0.5031544164610081,low,2026,1
1,0,0,1,20,28,-8,20.0,28.0,0.0,DAL,0.23300718656160035,0.011927441486279278,0.00386732542775121,0.3011265571097305,-0.289851357637639,-0.41895035981482887,-0.11559912606018646,-0.005821651640979145,-0.1110277802222429,6,15,20,4,31,31,27,15,27,pass_protection,0.3011265571097305,passing_defense,-0.41895035981482887,low,2026,1
1,0,0,1,10,31,-21,10.0,31.0,0.0,DEN,-0.3733702224418072,-0.27657481751080054,-0.19115040281986806,-0.17318797726714014,0.029611964388021786,0.03001674240764884,-0.14084424858888048,-0.005821651640979145,0.12564261253047548,31,32,29,27,15,15,28,15,12,special_teams,0.12564261253047548,offense_overall,-0.3733702224418072,low,2026,1
1,1,0,0,31,30,1,31.0,30.0,1.0,DET,0.02311465324671465,-0.09956004333207562,0.10282028166117638,0.03917921481869291,-0.007162122633749103,-0.0019241704694894137,0.07010944733852593,0.041618139896560304,-0.03726050987217654,14,24,8,14,19,18,12,12,23,rushing_offense,0.10282028166117638,passing_offense,-0.09956004333207562,low,2026,1
1,0,0,1,22,39,-17,22.0,39.0,0.0,GB,-0.12740736255082252,0.019786933240069426,-0.22137559699942694,-0.36825355227128886,0.11787487323139127,0.0778312072258051,0.12566300338128109,0.12217801100830829,0.10825148335799598,21,14,30,30,7,8,8,8,14,rushing_defense,0.12566300338128109,pass_protection,-0.36825355227128886,low,2026,1
1,0,0,1,31,36,-5,31.0,36.0,0.0,HOU,0.16568476006083055,0.07903743955466673,0.062239006125114446,-0.1324999532552947,-0.1628765616554778,-0.17571477444078223,0.11012692407744508,-0.07318079177148742,0.12051186216059186,11,11,12,23,27,27,10,22,13,offense_overall,0.16568476006083055,passing_defense,-0.17571477444078223,low,2026,1
1,0,0,1,23,41,-18,23.0,41.0,0.0,IND,-0.19768393213377022,-0.22118705222201865,0.1499123162119113,-0.1808190687743595,-0.16617638531830367,-0.2212712438779626,-0.1056950637721209,-0.043109646694583066,0.1339280485781929,26,30,2,28,28,29,26,19,10,rushing_offense,0.1499123162119113,passing_defense,-0.2212712438779626,low,2026,1
1,1,0,0,34,10,24,34.0,10.0,1.0,JAX,0.5885176432718102,0.5436980163854318,0.12745964879678487,0.1071306620334434,0.09012812697336008,0.06910338463881711,0.048552649909958834,0.4322449291346096,0.13359871123946115,1,1,6,9,11,9,13,1,11,offense_overall,0.5885176432718102,rushing_defense,0.048552649909958834,low,2026,1
1,1,0,0,31,10,21,31.0,10.0,1.0,KC,-0.06700178064574232,-0.04690958644513854,0.1382280197760246,0.006088258241681252,0.21739110383557625,0.2033081130998818,0.1642713493764528,0.16180557574428597,0.13579489051159907,18,19,5,16,2,4,5,5,9,defense_overall,0.21739110383557625,offense_overall,-0.06700178064574232,low,2026,1
1,0,0,1,7,27,-20,7.0,27.0,0.0,LA,-0.1462280371558752,-0.18683464814231013,0.04561220549338168,-0.025757123716901614,-0.21783126578235654,-0.17224139465146282,-0.1948064389661394,-0.2940479897357226,-0.034654927866304565,23,28,14,20,29,26,31,31,22,rushing_offense,0.04561220549338168,pass_rush,-0.2940479897357226,low,2026,1
1,0,0,1,14,26,-12,14.0,26.0,0.0,LAC,-0.16188665047315,-0.13502506480300006,-0.1345414419720061,-0.004973563460267907,-0.11730583165855864,-0.17982330180421116,0.022024204784126405,-0.1318249979768862,-0.28588639240459934,24,27,24,19,23,28,14,27,32,rushing_defense,0.022024204784126405,special_teams,-0.28588639240459934,low,2026,1
1,1,0,0,27,13,14,27.0,13.0,1.0,LV,-0.12037870626155595,-0.0880898996060895,0.022982135983089538,0.33307522692571817,0.15525091460989116,0.14411459079886516,0.2622214209442402,0.31559561787727364,0.2472528393277814,19,23,17,3,4,6,2,2,2,pass_protection,0.33307522692571817,offense_overall,-0.12037870626155595,low,2026,1
1,0,0,1,13,27,-14,13.0,27.0,0.0,MIA,-0.2950866264932397,-0.07233392185909907,-0.324223820906832,-0.3701130115054557,0.07955514986127672,0.04040219852753496,-0.031149989055311442,-0.2827866126745664,-0.09327159082172541,29,21,32,31,13,14,19,30,26,defense_overall,0.07955514986127672,pass_protection,-0.3701130115054557,low,2026,1
1,1,0,0,39,22,17,39.0,22.0,1.0,MIN,-0.22546266449522065,-0.1233488165421505,-0.09596492097317977,-0.13616619780777045,0.06355407750385578,0.06668270048106635,0.1821532815897208,0.2864563030895382,0.08925225394545379,27,25,23,24,14,10,3,4,15,pass_rush,0.2864563030895382,offense_overall,-0.22546266449522065,low,2026,1
1,0,0,1,10,13,-3,10.0,13.0,0.0,NE,-0.17217688222676616,-0.014428897694222417,-0.3222371437313021,0.02919943683378559,0.009295125487597242,-0.0844240768999606,0.11420653650741443,0.12029134596156159,0.026784052403928338,25,17,31,15,16,22,9,9,17,pass_rush,0.12029134596156159,rushing_offense,-0.3222371437313021,low,2026,1
1,0,0,1,30,31,-1,30.0,31.0,0.0,NO,0.020374918278993324,0.024143948784444137,-0.09371267793848101,-0.042400699028386536,-0.0015017789812711083,0.043225479156389114,-0.14959481027860663,-0.05118543746470859,-0.13373679265141283,15,13,22,21,17,12,30,20,29,passing_defense,0.043225479156389114,rushing_defense,-0.14959481027860663,low,2026,1
1,1,0,0,28,20,8,28.0,20.0,1.0,NYG,0.5578504304272619,0.31302262875505504,0.138715188490677,0.006088258241681252,-0.13175797043281592,-0.10331539917771454,0.09750150686243526,-0.2591377208461368,0.003823252111909214,2,3,4,16,26,23,11,29,18,offense_overall,0.5578504304272619,pass_rush,-0.2591377208461368,low,2026,1
1,1,0,0,23,10,13,23.0,10.0,1.0,NYJ,0.22934539012836938,0.21698348863327757,0.08846485021735595,0.3773118466709318,0.08785040242709992,0.04251560789875791,-0.08721475430953927,0.010013425195261324,0.14605341332838714,7,6,10,1,12,13,23,14,8,pass_protection,0.3773118466709318,rushing_defense,-0.08721475430953927,low,2026,1
1,1,0,0,24,22,2,24.0,22.0,1.0,PHI,-0.275307791385915,0.00013022740642025984,-0.1705513879500138,-0.08354985951272945,-0.003345319048805155,0.01332256423270356,-0.028635558811093784,-0.22493724825418226,0.003437083216418189,28,16,27,22,18,17,18,28,19,passing_defense,0.01332256423270356,offense_overall,-0.275307791385915,low,2026,1
1,1,0,0,20,13,7,20.0,13.0,1.0,PIT,-0.36217659669253427,-0.20493427139706832,-0.18937414123000562,0.06812102698643896,0.2412910830516164,0.3331300977877685,-0.002693641782642297,0.3033332189294508,-0.002287412758717135,30,29,28,12,1,1,16,3,20,passing_defense,0.3331300977877685,offense_overall,-0.36217659669253427,low,2026,1
1,1,0,0,13,10,3,13.0,10.0,1.0,SEA,-0.04870939627241345,0.11741173155232691,-0.15897119295974196,-0.15380045239207152,0.10353591255959083,-0.07350813953463234,0.2949264768636397,-0.01669242856974975,0.03716241760796963,17,9,26,25,8,21,1,17,16,rushing_defense,0.2949264768636397,rushing_offense,-0.15897119295974196,low,2026,1
1,1,0,0,27,7,20,27.0,7.0,1.0,SF,0.43733565095649185,0.11016290778013675,0.2218457110578319,0.3482888792190454,0.10319976598057663,0.18841824472843477,0.009956024341169675,-0.017173443370041286,-0.0819481806721063,4,10,1,2,9,5,15,18,25,offense_overall,0.43733565095649185,special_teams,-0.0819481806721063,low,2026,1
1,0,0,1,27,33,-6,27.0,33.0,0.0,TB,0.11090616818889643,-0.07767999489584936,0.14774289776292024,-0.16903350765105432,-0.0537818054543254,-0.0325836238454962,-0.09892901731473806,-0.08531535637955898,0.21398055908149807,13,22,3,26,21,19,25,23,4,special_teams,0.21398055908149807,pass_protection,-0.16903350765105432,low,2026,1
1,0,0,1,10,23,-13,10.0,23.0,0.0,TEN,-0.12098912746294421,-0.12452744460804033,-0.0063878443359720125,-0.0026016467511287694,-0.12448660954942159,-0.13989715307017847,-0.03902767263896443,-0.31553123212931444,-0.2561602642609293,20,26,21,18,25,25,20,32,31,pass_protection,-0.0026016467511287694,pass_rush,-0.31553123212931444,low,2026,1
1,0,0,1,22,24,-2,22.0,24.0,0.0,WAS,0.005980064358766239,-0.070080946383083,0.09558739280055706,0.27540970560172184,0.13183061221647813,0.014594911704288172,0.1585886808863136,0.0779919620516534,-0.0323174289795885,16,20,9,5,6,16,6,11,21,pass_protection,0.27540970560172184,passing_offense,-0.070080946383083,low,2026,1
