family,metric,horizon,step,n,rmse,mae,bias,spearman,skill_vs_league,skill_vs_prior_season
pass_protection,qb_hit_rate_allowed,2,baseline_league,2732,0.052320196354736594,0.04188500853179857,0.0008392089661002778,0.0023187684130742594,0.0,0.03294052981708562
pass_protection,qb_hit_rate_allowed,2,baseline_prior,2732,0.05410235664704312,0.04308054410515437,0.0011187875613439973,0.23320750822863895,-0.03406256888302339,0.0
pass_protection,qb_hit_rate_allowed,2,baseline_raw_t3,2732,0.057336395248975505,0.04554816157626185,0.0009609915131694554,0.324945144785453,-0.09587500131361404,-0.059776298157044216
pass_protection,qb_hit_rate_allowed,2,raw_feature,2732,0.0501772992711651,0.03992731591979234,0.0017874761564582592,0.40179977056804117,0.040957359353975265,0.07254873205403223
pass_protection,qb_hit_rate_allowed,2,shrunk_feature,2732,0.04787683430269552,0.038217700196247234,0.0011711833438253294,0.40109950609590583,0.08492632600066319,0.11506933764386851
pass_protection,qb_hit_rate_allowed,2,oppadj_raw,2721,0.0495151981603882,0.03960358849314172,0.000496207348266664,0.31700744675107423,0.0521027833548815,0.08352864816762551
pass_protection,qb_hit_rate_allowed,2,oppadj_shrunk,2721,0.050271017511498886,0.040252776434525496,0.0005469864606223957,0.3118766404074403,0.037633709498332,0.06953927100286594
pass_protection,qb_hit_rate_allowed,4,baseline_league,2350,0.04162958923266804,0.03345669745366858,0.0009272425375285301,0.008760693918505973,0.0,0.047268415429659316
pass_protection,qb_hit_rate_allowed,4,baseline_prior,2350,0.043694981783816894,0.034904009965423075,0.0010579166069666932,0.2931870531184478,-0.049613570280632846,0.0
pass_protection,qb_hit_rate_allowed,4,baseline_raw_t3,2350,0.04871525458116832,0.03860659306239198,0.0008519619993187707,0.3888914605738561,-0.1702074288770532,-0.11489357799001909
pass_protection,qb_hit_rate_allowed,4,raw_feature,2350,0.03991149962950424,0.031697283845866085,0.001498743061299481,0.48891635610247736,0.04127087571201782,0.08658848224337568
pass_protection,qb_hit_rate_allowed,4,shrunk_feature,2350,0.03636399722538126,0.02899535032517312,0.0009778592255081928,0.48904701665415096,0.12648676348587906,0.16777635003273483
pass_protection,qb_hit_rate_allowed,4,oppadj_raw,2341,0.03822575413646921,0.030719099522762364,0.0004771167973167185,0.39304200968638164,0.08064278433662186,0.1243366819700994
pass_protection,qb_hit_rate_allowed,4,oppadj_shrunk,2341,0.03923587047556425,0.031546772816050346,0.0005804139194976698,0.3848003578748102,0.05634875100791081,0.1011972607848336
pass_protection,rush_stuffed_rate_approx,2,baseline_league,2732,0.06750199833799128,0.0541522301051541,0.0056595936035868065,0.0073238620809874385,0.0,0.017527815483545872
pass_protection,rush_stuffed_rate_approx,2,baseline_prior,2732,0.0687062691461478,0.054666527452291024,0.0023051278168572417,0.1528820809515049,-0.01784052084097687,0.0
pass_protection,rush_stuffed_rate_approx,2,baseline_raw_t3,2732,0.07967021279756387,0.0634240766548294,0.001048334084138373,0.15091954153274822,-0.18026450711347475,-0.15957704861101152
pass_protection,rush_stuffed_rate_approx,2,raw_feature,2732,0.07002814732125967,0.05633060888189232,0.002456914949080549,0.14274570248970944,-0.037423321464049586,-0.01923955690710044
pass_protection,rush_stuffed_rate_approx,2,shrunk_feature,2732,0.06584966042175092,0.05296566135306902,0.004410510017254323,0.14807608233835148,0.02447835555870348,0.041577118942675795
pass_protection,rush_stuffed_rate_approx,2,oppadj_raw,2721,0.06634648964802341,0.0529962815115301,0.005612758890229893,0.1552263281573032,0.01672518111824839,0.033954379770380516
pass_protection,rush_stuffed_rate_approx,2,oppadj_shrunk,2721,0.06677558140660413,0.053479105368323475,0.0056529969852133315,0.08777394765535179,0.010365912927264631,0.02770654034055353
pass_protection,rush_stuffed_rate_approx,4,baseline_league,2350,0.05251613245541653,0.04194808267417246,0.00713279201541186,0.018705632005103702,0.0,0.024141174557158585
pass_protection,rush_stuffed_rate_approx,4,baseline_prior,2350,0.05381529693250957,0.04273032731021434,0.0036528449218735976,0.1986730290499499,-0.024738388307554038,0.0
pass_protection,rush_stuffed_rate_approx,4,baseline_raw_t3,2350,0.06877266967108307,0.05497918662507356,0.0033565741672030576,0.1561119734057492,-0.309553206902041,-0.2779390543423319
pass_protection,rush_stuffed_rate_approx,4,raw_feature,2350,0.05642195494145234,0.045445805278542147,0.004103990606206152,0.17567090042295955,-0.07437376484933744,-0.04843712025247804
pass_protection,rush_stuffed_rate_approx,4,shrunk_feature,2350,0.050603069109841095,0.04071467686782697,0.006020198297148463,0.18785624884368088,0.036428108014228355,0.05968986525702846
pass_protection,rush_stuffed_rate_approx,4,oppadj_raw,2341,0.05097348072833173,0.04068973945346648,0.006997827369998652,0.2130694850299448,0.02912442046485264,0.052499568805728036
pass_protection,rush_stuffed_rate_approx,4,oppadj_shrunk,2341,0.05162615014198991,0.04125353203538549,0.0070921180322626575,0.12168227687502953,0.01669323495081243,0.040367680968515396
pass_protection,sack_rate_allowed,2,baseline_league,2732,0.03395393932688565,0.026741384491197954,-0.0007132721895234259,-0.05625651617887821,0.0,0.04350935623244234
pass_protection,sack_rate_allowed,2,baseline_prior,2732,0.03549845421711934,0.027973682263168938,0.000060070550561009664,0.17554553273477413,-0.04548853302010536,0.0
pass_protection,sack_rate_allowed,2,baseline_raw_t3,2732,0.039035899509094744,0.031077824247498637,-0.0001281043442014953,0.21652415946414177,-0.14967218187213582,-0.0996506853605319
pass_protection,sack_rate_allowed,2,raw_feature,2732,0.034002503429363264,0.026954550573359794,-0.00033538567696262094,0.28642511350105615,-0.001430293610708011,0.042141293775959654
pass_protection,sack_rate_allowed,2,shrunk_feature,2732,0.03221469819110259,0.0254599222494162,-0.0005707327491352041,0.28355943115204646,0.05122354490413672,0.09250419767385643
pass_protection,sack_rate_allowed,2,oppadj_raw,2721,0.03287951522386939,0.02594634823860522,-0.000863712648615438,0.23087437353048637,0.031760841064917056,0.07238287694991408
pass_protection,sack_rate_allowed,2,oppadj_shrunk,2721,0.033178256822421114,0.026163696552503467,-0.0008303795838457705,0.2022600882600496,0.022963469444588158,0.06395459507601486
pass_protection,sack_rate_allowed,4,baseline_league,2350,0.026204484088020587,0.02073601973478195,-0.0005431635191010862,-0.07390375663764895,0.0,0.06902047025069846
pass_protection,sack_rate_allowed,4,baseline_prior,2350,0.0281472183336588,0.022064671299569624,0.000021573965041101855,0.23480882515825893,-0.07413747353745226,0.0
pass_protection,sack_rate_allowed,4,baseline_raw_t3,2350,0.0328376752150588,0.02578086574426104,0.00010179638948698548,0.2820706333560763,-0.253131910735483,-0.16664015697036372
pass_protection,sack_rate_allowed,4,raw_feature,2350,0.026491725091186077,0.020900059182381466,-0.00046446064629852455,0.37940182977523673,-0.010961521020625753,0.05881551856557932
pass_protection,sack_rate_allowed,4,shrunk_feature,2350,0.02389045945400901,0.018910429455943963,-0.0005905838066560267,0.37866458721953944,0.08830643741120003,0.15123195582561366
pass_protection,sack_rate_allowed,4,oppadj_raw,2341,0.02479701753802701,0.019541498526902266,-0.0008004094626100664,0.3107061436045634,0.0543137991260062,0.1176588152714465
pass_protection,sack_rate_allowed,4,oppadj_shrunk,2341,0.02521726948717712,0.019935030085456128,-0.0007215615670851245,0.2725977751109522,0.038286610832406365,0.10270517812016611
pass_rush,qb_hit_rate_generated,2,baseline_league,2732,0.050519427079055615,0.04024660537250208,-0.0007829005792777129,0.000582328686391061,0.0,0.03089058901879682
pass_rush,qb_hit_rate_generated,2,baseline_prior,2732,0.052129745626869665,0.04142344779390095,-0.00030664445056189575,0.1277179190121264,-0.03187523376490664,0.0
pass_rush,qb_hit_rate_generated,2,baseline_raw_t3,2732,0.06116873789144605,0.048684948145341606,0.001285185488257593,0.12560705770574562,-0.21079634960479265,-0.17339413718369157
pass_rush,qb_hit_rate_generated,2,raw_feature,2732,0.05280026655668759,0.04229181079901421,0.0018698928348464018,0.19171998755981196,-0.045147770066014115,-0.012862539836993037
pass_rush,qb_hit_rate_generated,2,shrunk_feature,2732,0.04942389188565663,0.03945114090001459,0.00015691923339394265,0.1987429540240112,0.021685423939678317,0.05190613743985617
pass_rush,qb_hit_rate_generated,2,oppadj_raw,2721,0.04991305964219409,0.03966511949290196,-0.0008622772645229973,0.15562854084860236,0.012108684855507201,0.043401945357335436
pass_rush,qb_hit_rate_generated,2,oppadj_shrunk,2721,0.0502582151070468,0.03998521235822113,-0.0008948001542081259,0.12341787513797187,0.0052772846458833955,0.03678694221799139
pass_rush,qb_hit_rate_generated,4,baseline_league,2350,0.03754778486460462,0.029846520889034698,-0.0017855883045175013,0.0060714784406518275,0.0,0.06030946758532474
pass_rush,qb_hit_rate_generated,4,baseline_prior,2350,0.03995760686033515,0.03161984464902472,-0.0012108181774793184,0.16047654605394823,-0.06418013750798424,0.0
pass_rush,qb_hit_rate_generated,4,baseline_raw_t3,2350,0.051506664709288184,0.04069699220308396,0.0008476005199089568,0.15155515846428036,-0.37176307191006264,-0.2890327713899572
pass_rush,qb_hit_rate_generated,4,raw_feature,2350,0.04095862439876714,0.032692669373497914,0.0012393227066115119,0.24891208051729496,-0.09083996689716423,-0.025051989272802944
pass_rush,qb_hit_rate_generated,4,shrunk_feature,2350,0.03616211600961571,0.02878300779222869,-0.0007282501290454806,0.25619025364684866,0.03690414387920771,0.09498794219548523
pass_rush,qb_hit_rate_generated,4,oppadj_raw,2341,0.036785204100889424,0.029215450754628235,-0.0018208939171275257,0.1974265158120255,0.02046016379132376,0.08072820269657444
pass_rush,qb_hit_rate_generated,4,oppadj_shrunk,2341,0.037237811154266505,0.029577651237930887,-0.0018758370356150025,0.14779264093263852,0.008407854995756692,0.06941743496808728
qb,adot,2,baseline_league,2431,1.655524594246142,1.3187140588971757,0.11792737841225208,0.06478281231248209,0.0,0.012688387795916967
qb,adot,2,baseline_prior,1798,1.6480218528849682,1.3099858233916062,0.14720391886898201,0.2896920427205407,-0.012851452002667463,0.0
qb,adot,2,baseline_raw_t3,2413,1.8743467671698404,1.4759576214619752,0.01708420641158613,0.26174060681785527,-0.1329543267804385,-0.107907455372098
qb,adot,2,raw_feature,2431,1.6920396722882334,1.3268654665998407,-0.0044295285842002406,0.28812950894994244,-0.02205649989677072,-0.010756490669608043
qb,adot,2,shrunk_feature,2431,1.5698853220770967,1.2444823390011506,0.06310912893216081,0.30248057982513615,0.0517293868461326,0.059130525057317085
qb,adot,2,oppadj_raw,2420,1.5803241702883832,1.2400981758450815,-0.030285378318717835,0.3036381086231453,0.04431345011845711,0.06733903809276032
qb,adot,2,oppadj_shrunk,2420,1.588225178126137,1.2537531434750033,0.04453776998850779,0.2926189586569331,0.0395353880834558,0.05850450022884712
qb,adot,4,baseline_league,1890,1.299127277273923,1.049306771399643,0.12188334767457724,0.06684285225977381,0.0,0.026036303723051435
qb,adot,4,baseline_prior,1466,1.320104336473556,1.0561959631857352,0.17388303705033528,0.3534615881251061,-0.026732314379455113,0.0
qb,adot,4,baseline_raw_t3,1882,1.5301891811089539,1.2104605788291394,0.036856004384948494,0.33561191508262805,-0.1773481534771586,-0.16879438873212882
qb,adot,4,raw_feature,1890,1.331266909391811,1.0530066070647806,0.02085510426180054,0.3646796125653515,-0.024739402120267595,-0.019263944752713646
qb,adot,4,shrunk_feature,1890,1.1908048134405884,0.957313619343121,0.07584517960260065,0.3756661795003398,0.08338094790884354,0.09575792802139205
qb,adot,4,oppadj_raw,1881,1.1835955017993833,0.9401933416237609,-0.023340443494574564,0.393295283297937,0.08699133547900828,0.11133451746030387
qb,adot,4,oppadj_shrunk,1881,1.2092005974298141,0.9679577838486115,0.05120970471368617,0.36832037405686746,0.06723993043317,0.09608458974957168
qb,completion_pct,2,baseline_league,2431,0.06906717966888286,0.05449314341502921,-0.0029536430156682893,0.017758614030543858,0.0,0.025595532994483694
qb,completion_pct,2,baseline_prior,1798,0.06839549996186588,0.054282750643089385,-0.0022587107781544473,0.17451676913701908,-0.026267873209923298,0.0
qb,completion_pct,2,baseline_raw_t3,2413,0.08221120378090076,0.06503957071349245,0.0028039690738375336,0.1410757093604223,-0.1913085297628987,-0.15443763174109781
qb,completion_pct,2,raw_feature,2431,0.0732659249059577,0.05779074162019109,0.0063578245588296,0.2014196593692208,-0.060792191851530175,-0.028250489110204446
qb,completion_pct,2,shrunk_feature,2431,0.06730395471256356,0.05316545280919543,0.0031333550528048794,0.21324525553756726,0.02552912924448958,0.05083127218547612
qb,completion_pct,2,oppadj_raw,2420,0.067524500153419,0.05328440129915568,0.008785491844518743,0.2330620560066924,0.021387446694423606,0.056455231375894144
qb,completion_pct,2,oppadj_shrunk,2420,0.06765884095996222,0.05336662442322757,0.003800238765892833,0.21278878789305494,0.019440485229981985,0.053197800561768926
qb,completion_pct,4,baseline_league,1890,0.0507372328296056,0.04032705809080427,-0.005786354280956578,0.03889830956488404,0.0,0.053706808149959984
qb,completion_pct,4,baseline_prior,1466,0.052661026807446346,0.04222964585663451,-0.0029080797640724815,0.19010316701043736,-0.05675493453034486,0.0
qb,completion_pct,4,baseline_raw_t3,1882,0.06716134870938026,0.05360990950773576,0.003976364433525982,0.1729497622340693,-0.3270597379089528,-0.2437512463482885
qb,completion_pct,4,raw_feature,1890,0.05668651416260909,0.044752628966524995,0.006950121201779364,0.25899080891201776,-0.11725671664009307,-0.042071973078365854
qb,completion_pct,4,shrunk_feature,1890,0.04853577045370202,0.03884778044594143,0.001814537036653918,0.2675465290544548,0.0433894844698548,0.09808715028458481
qb,completion_pct,4,oppadj_raw,1881,0.04866463344670694,0.038555036362742316,0.00675296451025242,0.28087817674287235,0.039791546996850835,0.10269002802156169
qb,completion_pct,4,oppadj_shrunk,1881,0.04884136744804506,0.03877577335651757,0.0011737383852267525,0.25091402810258756,0.036304384554668445,0.09834775360085923
qb,cpoe,2,baseline_league,2431,6.369986630449631,5.024467216851154,-0.3180022715856527,-0.07803593692074086,0.0,0.0344888963742751
qb,cpoe,2,baseline_prior,1798,6.452660111427269,5.12725160235622,-0.31129668077231465,0.1483766975363091,-0.03572086974946331,0.0
qb,cpoe,2,baseline_raw_t3,2413,7.606824930331688,6.063720764140757,0.13549790013899407,0.14475216254634474,-0.19720762977545103,-0.14361164615351152
qb,cpoe,2,raw_feature,2431,6.7879451484119055,5.424322270573264,0.37347718134650504,0.20000006765680142,-0.06561371980976549,-0.02487179525883243
qb,cpoe,2,shrunk_feature,2431,6.202348431388628,4.916386541303587,0.06188212100883085,0.19601792948671176,0.02631688397267018,0.058451152838397635
qb,cpoe,2,oppadj_raw,2420,6.23683412016742,4.9185977183295995,0.46092892133307994,0.19486287118875303,0.02035066126655327,0.06066387716364985
qb,cpoe,2,oppadj_shrunk,2420,6.274596538740594,4.940398014401901,0.0706938500400076,0.1622824599832826,0.014419137728904241,0.05397734641635055
qb,cpoe,4,baseline_league,1890,4.701933694790769,3.7288237755805147,-0.5687480524262486,-0.09835647607786624,0.0,0.0665293818210011
qb,cpoe,4,baseline_prior,1466,4.981411646894278,4.0086402872112314,-0.34849527612413517,0.1694596718035598,-0.07127099720694541,0.0
qb,cpoe,4,baseline_raw_t3,1882,6.299838486322237,5.057986977447236,0.31852162844553844,0.1647736672622049,-0.34406746076721695,-0.2462135297904029
qb,cpoe,4,raw_feature,1890,5.334014341069179,4.250563388433736,0.505171906590046,0.24991538899428914,-0.13442993613004073,-0.047914136540391894
qb,cpoe,4,shrunk_feature,1890,4.507128115474994,3.6062548680089055,-0.04672933332669361,0.23656871043278868,0.041430949894422975,0.10696868228041401
qb,cpoe,4,oppadj_raw,1881,4.525685041716179,3.605131525716159,0.30214036700897406,0.2361782923671767,0.036493804516737116,0.1110634424421969
qb,cpoe,4,oppadj_shrunk,1881,4.571257571794783,3.629998595672503,-0.1545396382513054,0.19008934044742126,0.026791535209474082,0.10027229006367977
qb,cpoe_coverage_fraction,2,baseline_league,2431,0.030446379627728462,0.023224938526167974,0.008654002225308337,0.11487772144054395,0.0,-0.07660001533471017
qb,cpoe_coverage_fraction,2,baseline_prior,1798,0.02780428680430313,0.021384188216390595,0.004093702374589403,0.31787417557815634,0.07114992963370481,0.0
qb,cpoe_coverage_fraction,2,baseline_raw_t3,2413,0.03236596410274211,0.025097891053654398,0.0015613717267809978,0.267246490208017,-0.06283940683891198,-0.12734731815133293
qb,cpoe_coverage_fraction,2,raw_feature,2431,0.02966966164331553,0.022867137520588065,0.003339233811770508,0.2846193488027854,0.0255110129319136,-0.0301664601360081
qb,cpoe_coverage_fraction,2,shrunk_feature,2431,0.02829108951212955,0.021716813441336438,0.004960937198459522,0.29235559415835477,0.07078970117143335,0.006438192373597995
qb,cpoe_coverage_fraction,2,oppadj_raw,2420,0.02918005886411211,0.022072301635905817,0.00936816162739819,0.28918186304480265,0.03575325358789605,-0.02939303283951844
qb,cpoe_coverage_fraction,2,oppadj_shrunk,2420,0.02938987412475356,0.022249975531030496,0.009129526058928429,0.25801872080648824,0.028819967971054905,-0.03795305272471294
qb,cpoe_coverage_fraction,4,baseline_league,1890,0.02443734480847314,0.01859651191052694,0.008351479035774607,0.16755211956056057,0.0,-0.12157480324912262
qb,cpoe_coverage_fraction,4,baseline_prior,1466,0.02173840476972666,0.016902861647967227,0.003986511644983913,0.39600041099943956,0.10839651791118088,0.0
qb,cpoe_coverage_fraction,4,baseline_raw_t3,1882,0.02718332701862125,0.020737733130131872,0.0014044126308177052,0.33563628628865805,-0.1123368543976857,-0.22077283722029306
qb,cpoe_coverage_fraction,4,raw_feature,1890,0.023594550145172328,0.018255224786267794,0.003215165924773487,0.36274686960208286,0.034487980175677224,-0.06761213041168923
qb,cpoe_coverage_fraction,4,shrunk_feature,1890,0.021959402573193513,0.01688682862419669,0.004834450385541013,0.3705947226253355,0.10139981469756287,-0.006614170792513585
qb,cpoe_coverage_fraction,4,oppadj_raw,1881,0.022937828218835117,0.017451659166163553,0.008895954795850007,0.36599501578217836,0.05250764925987139,-0.05404122367624553
qb,cpoe_coverage_fraction,4,oppadj_shrunk,1881,0.02318856005309569,0.01761574488373436,0.008709505889147054,0.33050820637576994,0.04215067506063741,-0.06604727123315035
qb,dropback_success_rate,2,baseline_league,2431,0.07546946156865421,0.060286210417110575,-0.002782400552611117,-0.044440315709020566,0.0,0.015362387384819542
qb,dropback_success_rate,2,baseline_prior,1798,0.07496767168033516,0.060224284427571995,-0.004313495599279826,0.18804071251258245,-0.015602072466049055,0.0
qb,dropback_success_rate,2,baseline_raw_t3,2413,0.08422058779311856,0.06696045372848562,0.0011723485469001037,0.2783715150839293,-0.11748321915108306,-0.098207287213542
qb,dropback_success_rate,2,raw_feature,2431,0.07481767845633305,0.05914335818418978,0.0023677316710912777,0.359462250545197,0.008636382170664203,0.029927910975625305
qb,dropback_success_rate,2,shrunk_feature,2431,0.07009696267501643,0.055688205014590396,0.0010658475646495565,0.3473391014348187,0.07118771993292206,0.08972600017169996
qb,dropback_success_rate,2,oppadj_raw,2420,0.07268531980513801,0.05790403852687799,0.010708117158873235,0.27765791581070004,0.03753912544538984,0.06494980354919899
qb,dropback_success_rate,2,oppadj_shrunk,2420,0.07320675366524101,0.05833739862466969,0.004692939554473856,0.21553293095677295,0.03063457181114071,0.05601288844218122
qb,dropback_success_rate,4,baseline_league,1890,0.05794725378949736,0.046769708068110656,-0.007457987549141571,-0.04344696502461448,0.0,0.03855654290064492
qb,dropback_success_rate,4,baseline_prior,1466,0.059828559446487226,0.04831167479636377,-0.005094534477879654,0.2094485537564443,-0.04010276695518722,0.0
qb,dropback_success_rate,4,baseline_raw_t3,1882,0.06861715054033622,0.05483719362945361,0.0022426937797957974,0.3502755214077358,-0.18407140094525865,-0.1287793455617241
qb,dropback_success_rate,4,raw_feature,1890,0.057791835642883836,0.045771091225368606,0.0028378983317788897,0.44484660628395734,0.0026820623316871073,0.0568603602404828
qb,dropback_success_rate,4,shrunk_feature,1890,0.051259665974870174,0.04103194852720711,-0.0013509802746878568,0.4271450474428052,0.11540819240409417,0.15976252040141303
qb,dropback_success_rate,4,oppadj_raw,1881,0.05432115124481026,0.04344855618135391,0.007485420662504773,0.3154338269841659,0.06278908856938681,0.11583817690307796
qb,dropback_success_rate,4,oppadj_shrunk,1881,0.05496001446954827,0.04404873214906743,0.0005399934700116893,0.23472194650124775,0.05176668621937375,0.10250032831000677
qb,epa_per_dropback,2,baseline_league,2431,0.2342052853879636,0.18312793311413536,-0.016081449940412766,-0.04632558751495801,0.0,0.02371359732355849
qb,epa_per_dropback,2,baseline_prior,1798,0.23537173251512655,0.18609574309024668,-0.016839299075322067,0.15686011552755982,-0.02428959090134697,0.0
qb,epa_per_dropback,2,baseline_raw_t3,2413,0.2688748429409287,0.21303629829775655,-0.00004160044256054029,0.2197002343436874,-0.14784932396743566,-0.11429539955284995
qb,epa_per_dropback,2,raw_feature,2431,0.23868981759161545,0.1883942994229346,-0.001948671313845165,0.30583960804226545,-0.019147869341305412,0.020526438097081434
qb,epa_per_dropback,2,shrunk_feature,2431,0.2208278401559161,0.17377354007068288,-0.004664193998250876,0.300953822245102,0.057118460029147444,0.08147196896293818
qb,epa_per_dropback,2,oppadj_raw,2420,0.22503776178196522,0.17666174650008679,0.016403185341442632,0.262397189752512,0.03849672599155818,0.0678026608030522
qb,epa_per_dropback,2,oppadj_shrunk,2420,0.22705697272813188,0.17776016954722543,0.0016502942716212084,0.22500358529205858,0.029869383094618174,0.05920659295064035
qb,epa_per_dropback,4,baseline_league,1890,0.177555004221764,0.14051505051747135,-0.029779364822115694,-0.08516554961191576,0.0,0.04111625265326058
qb,epa_per_dropback,4,baseline_prior,1466,0.18389573960379657,0.1455586967560257,-0.017706511452571846,0.18697129110259816,-0.04287928830479237,0.0
qb,epa_per_dropback,4,baseline_raw_t3,1882,0.22118409243251339,0.1740562875140974,0.0034512763920119195,0.28214789419030817,-0.24678679323547614,-0.18375877852988043
qb,epa_per_dropback,4,raw_feature,1890,0.1843605149300969,0.144715397357237,0.0008732366579735509,0.38607410483570703,-0.03832902788722792,0.030179429512727673
qb,epa_per_dropback,4,shrunk_feature,1890,0.15998611000378163,0.1254467401905472,-0.011305734345209257,0.3763305027935712,0.0989490231209651,0.14298036203619513
qb,epa_per_dropback,4,oppadj_raw,1881,0.1644496412876854,0.12894197415714065,0.007499845415086682,0.3283257908696286,0.07308719813541753,0.12169421797648639
qb,epa_per_dropback,4,oppadj_shrunk,1881,0.16752250205780922,0.1317765491435667,-0.010302889338191398,0.26632755420968857,0.055767160439546326,0.1045571915684923
qb,explosive_pass_rate,2,baseline_league,2431,0.04007408582284933,0.03142312046638745,-0.0019967760840232853,-0.02771582837049814,0.0,0.0625759708015533
qb,explosive_pass_rate,2,baseline_prior,1798,0.042808407308056955,0.03389536084814365,-0.000840491626270347,0.06867879188722238,-0.06675311156154118,0.0
qb,explosive_pass_rate,2,baseline_raw_t3,2413,0.04880925261532422,0.038641091281734076,0.0001819872919517784,0.12063400119899755,-0.21761798172080948,-0.13925697426929307
qb,explosive_pass_rate,2,raw_feature,2431,0.0426739546560391,0.03385974833282548,0.0000895949542523697,0.18369713314243763,-0.0648765599964698,0.009397659544479797
qb,explosive_pass_rate,2,shrunk_feature,2431,0.03916526638150909,0.03101819569110279,-0.00088311983461539,0.18198420158559483,0.022678482183168147,0.0823589368387071
qb,explosive_pass_rate,2,oppadj_raw,2420,0.040493505598056916,0.03164723427301113,-0.0080406588284615,0.15638563662592203,-0.011314768158520616,0.04298582619104996
qb,explosive_pass_rate,2,oppadj_shrunk,2420,0.039625255255529096,0.031061823510742454,-0.0037305139217677285,0.1308560346406082,0.010369558275770907,0.07076991269803079
qb,explosive_pass_rate,4,baseline_league,1890,0.029950468345722656,0.02333893127654388,-0.002825869620256682,-0.05569351943475394,0.0,0.09818505244744413
qb,explosive_pass_rate,4,baseline_prior,1466,0.03339772280784976,0.026593237807689542,-0.00042862255338847223,0.0902621669674083,-0.10887494459246816,0.0
qb,explosive_pass_rate,4,baseline_raw_t3,1882,0.04031710434608285,0.0318735114078571,0.002039718578565453,0.19360039528807232,-0.34577763927421845,-0.22324101448993616
qb,explosive_pass_rate,4,raw_feature,1890,0.03311383450343629,0.026195091479623022,0.001295329917450644,0.25793353005107217,-0.10561992290732913,0.006942665251424951
qb,explosive_pass_rate,4,shrunk_feature,1890,0.028746556680357017,0.022501632015306423,-0.0011265826350821348,0.24926654901675194,0.040196755906074966,0.13173880415172978
qb,explosive_pass_rate,4,oppadj_raw,1881,0.03029060348969225,0.02363298074904145,-0.007986777272997162,0.21200435451018265,-0.012966733152706356,0.0734646620743068
qb,explosive_pass_rate,4,oppadj_shrunk,1881,0.029335771800111963,0.022773119715914676,-0.00421891355564853,0.17745409187175523,0.01896438164446046,0.1135416731119071
qb,sack_rate,2,baseline_league,2431,0.03686397290703637,0.02889382836966612,0.0002245558871736444,-0.005395817847443236,0.0,0.021541266703352324
qb,sack_rate,2,baseline_prior,1798,0.03648199497332052,0.028695117770528772,0.0019915815909537964,0.2274217625992043,-0.022015508646721305,0.0
qb,sack_rate,2,baseline_raw_t3,2413,0.04152893497973804,0.03271494883152549,-0.00038563719026160555,0.24463824235147077,-0.12513691009835037,-0.09635763860696556
qb,sack_rate,2,raw_feature,2431,0.03703633955925984,0.029044710192519658,-0.0005807432788554066,0.3209730872269572,-0.004675748125633206,0.0431100609969981
qb,sack_rate,2,shrunk_feature,2431,0.03458511821427861,0.027176648391819016,-0.00044413504154940385,0.3207313878979256,0.061817935318707606,0.08658031305462743
qb,sack_rate,2,oppadj_raw,2420,0.03549825447019843,0.027285159739459972,-0.00615820543807392,0.3078980998335227,0.03740905702564168,0.06147628046524656
qb,sack_rate,2,oppadj_shrunk,2420,0.03569010337290975,0.02765521165227744,-0.0030963114021180646,0.2864892846833999,0.03220677260558591,0.05800207558238912
qb,sack_rate,4,baseline_league,1890,0.027986988183046145,0.022541183871966058,0.001455175174855778,-0.023484891860544387,0.0,0.044808754380998406
qb,sack_rate,4,baseline_prior,1466,0.02893190060623884,0.022522470676167285,0.002270801442514085,0.2944903670268606,-0.0469107674369027,0.0
qb,sack_rate,4,baseline_raw_t3,1882,0.03378294480897702,0.026457878355300172,-0.000029086463459744563,0.3254514606373685,-0.20670666827345396,-0.14156234349861863
qb,sack_rate,4,raw_feature,1890,0.028103627662068618,0.022198176417901675,-0.0006003156560484627,0.4264095979458292,-0.004167632410447375,0.0742738786971795
qb,sack_rate,4,shrunk_feature,1890,0.024944836995572883,0.019959633805912032,0.00022593526152018314,0.4222273305966116,0.10869876985606208,0.151367574669665
qb,sack_rate,4,oppadj_raw,1881,0.02596506387698405,0.020296355238766127,-0.005359186775904373,0.40159470700834443,0.07307429255991227,0.11706928009541917
qb,sack_rate,4,oppadj_shrunk,1881,0.026312948397338783,0.020872274946931044,-0.0019813268000774633,0.3717889048485504,0.060655177911667524,0.10889300638522559
qb,yards_per_attempt,2,baseline_league,2431,1.3672638156723549,1.0665820930192231,-0.041672751830806286,-0.027835167450750535,0.0,0.04487487140378843
qb,yards_per_attempt,2,baseline_prior,1798,1.4190465346717474,1.1198615975351112,-0.03939399017174712,0.13748808314423974,-0.046983238175026365,0.0
qb,yards_per_attempt,2,baseline_raw_t3,2413,1.5902168320645458,1.2622245209098732,0.022498184662050624,0.1818908232067118,-0.16366329258676404,-0.12059581127511776
qb,yards_per_attempt,2,raw_feature,2431,1.4086346503268516,1.1211183405595606,0.030345437111442573,0.26613105700438006,-0.03025812149804641,0.011431608236333934
qb,yards_per_attempt,2,shrunk_feature,2431,1.3077725692870865,1.0297961907285968,0.007379619909678769,0.25858113179772113,0.04351116858600801,0.08239739889009978
qb,yards_per_attempt,2,oppadj_raw,2420,1.3219953697083904,1.037861429433456,0.015872865446433255,0.23603237929701246,0.03288202443456545,0.07499092524877604
qb,yards_per_attempt,2,oppadj_shrunk,2420,1.3384500550773981,1.0457320642206487,-0.009502518150790625,0.19138236724175237,0.020844446718880083,0.06585234437360987
qb,yards_per_attempt,4,baseline_league,1890,1.0227784302382081,0.7979067227729066,-0.09341329395976883,-0.04485234031867538,0.0,0.07548318891352757
qb,yards_per_attempt,4,baseline_prior,1466,1.101283742309219,0.8687568417808423,-0.031902737385881404,0.17458046735161048,-0.08164609665109435,0.0
qb,yards_per_attempt,4,baseline_raw_t3,1882,1.305108769457661,1.037327814926202,0.07024984189118677,0.2565648552333935,-0.2767369217668605,-0.196713703222273
qb,yards_per_attempt,4,raw_feature,1890,1.0844634568356524,0.8620507813059137,0.06504695809204669,0.3587203419063063,-0.060311231419964084,0.016329186176908705
qb,yards_per_attempt,4,shrunk_feature,1890,0.9450725610119537,0.7462149914582153,-0.014392823672603264,0.34351658262266566,0.07597527179777985,0.1417178289089569
qb,yards_per_attempt,4,oppadj_raw,1881,0.9583604876535025,0.7498668696230624,-0.015746004003315318,0.31678778134943864,0.06241648206448336,0.12892720772478572
qb,yards_per_attempt,4,oppadj_shrunk,1881,0.9846014500534248,0.7677704611443477,-0.054473651720548584,0.24590441029386986,0.036744415907861816,0.11032392553533255
rb,fumble_lost_rate,2,baseline_league,4374,0.015033134913130745,0.008820546332109904,0.0005126943580007468,0.012441588302688829,0.0,0.06216917445493508
rb,fumble_lost_rate,2,baseline_prior,3185,0.016164619594805054,0.008494625493437099,-0.00002982419540669436,0.026672168652348,-0.06629039349266708,0.0
rb,fumble_lost_rate,2,baseline_raw_t3,4367,0.02184787537556035,0.009055776449000087,0.0006330075356527974,0.5814784356762327,-0.45229134061384424,-0.35815586807760713
rb,fumble_lost_rate,2,raw_feature,4374,0.017693388675952066,0.008593723210553829,0.0005135614281338776,0.34612289979408417,-0.17695934867834606,-0.07082756947823388
rb,fumble_lost_rate,2,shrunk_feature,4374,0.015129041536027944,0.008781680507167416,0.000554810554497467,0.08005653468572561,-0.006379682178826673,0.06486990393062364
rb,fumble_lost_rate,2,oppadj_raw,4353,0.015898941340460455,0.0071498566977517925,-0.0036022750904430465,0.007702165944082111,-0.05588822102261659,-0.003449067301396491
rb,fumble_lost_rate,2,oppadj_shrunk,4353,0.015083911082436938,0.0077477551364890365,-0.0008720369030734723,0.017157346867393574,-0.0017600353280129433,0.05659731738024243
rb,fumble_lost_rate,4,baseline_league,3095,0.009874108717918335,0.0074969871393732335,0.0008035702431708055,0.0533580044448817,0.0,0.14412777011003897
rb,fumble_lost_rate,4,baseline_prior,2353,0.011573253068382642,0.0071433888762310205,0.0003466659281220433,-0.0048268308490040605,-0.16839869910088012,0.0
rb,fumble_lost_rate,4,baseline_raw_t3,3090,0.016896309788862248,0.007968591778797057,0.0005710811250258256,0.4646317833549294,-0.7101657553581429,-0.44866804095156376
rb,fumble_lost_rate,4,raw_feature,3095,0.01340306415680543,0.007322100453700271,0.00041674899943324806,0.3378386532246626,-0.3573948332656267,-0.12353409956741923
rb,fumble_lost_rate,4,shrunk_feature,3095,0.010074041914693514,0.007385744079058799,0.0007099486338806721,0.07210379193885975,-0.020248227205799774,0.13784020677591002
rb,fumble_lost_rate,4,oppadj_raw,3081,0.011113207571090689,0.006461673983095946,-0.0034080623601215275,0.00392841536928477,-0.12396557536071051,0.022749877617860514
rb,fumble_lost_rate,4,oppadj_shrunk,3081,0.009916107688659621,0.006740397124469624,-0.0005277799173943736,0.00921449483414014,-0.002893504177501116,0.14015644940630445
rb,rush_epa_per_att,2,baseline_league,4374,0.22865933494553947,0.16978938712132033,-0.019655905720887313,-0.0013096282888526542,0.0,0.016516213809441127
rb,rush_epa_per_att,2,baseline_prior,3185,0.22907407648647332,0.1751990922826272,0.010616963616200506,0.13615792987530612,-0.01679358017015753,0.0
rb,rush_epa_per_att,2,baseline_raw_t3,4367,0.28520972097236424,0.21783580273073128,-0.005153518703465957,0.12280514840498616,-0.24685406172513802,-0.21136717103289704
rb,rush_epa_per_att,2,raw_feature,4374,0.24368243225274017,0.18584584842686333,-0.0022506786170126396,0.1711343493931259,-0.06570078282952574,-0.044961822781116156
rb,rush_epa_per_att,2,shrunk_feature,4374,0.22260753874346917,0.16643384703090008,-0.013297250058846336,0.17463476646349327,0.026466429649643075,0.0430583390482131
rb,rush_epa_per_att,2,oppadj_raw,4353,0.2219501029514721,0.1666805532220292,-0.0057802783693579485,0.16415725810119686,0.031088844621189105,0.048093907432257166
rb,rush_epa_per_att,2,oppadj_shrunk,4353,0.225156959454304,0.16791347666084064,-0.014861249505819827,0.13288986825182073,0.017089486215970173,0.034271458060152526
rb,rush_epa_per_att,4,baseline_league,3095,0.16396855814600533,0.12275683757737893,-0.021589586599876306,-0.003248851972577853,0.0,0.06814759483333033
rb,rush_epa_per_att,4,baseline_prior,2353,0.17417950711147603,0.13547920235624883,0.0034520995324489375,0.15128569381477497,-0.07313131828118369,0.0
rb,rush_epa_per_att,4,baseline_raw_t3,3090,0.232808796756967,0.17819971865585715,-0.0009128817018742832,0.15044938040973146,-0.41935398774271837,-0.3104210617361498
rb,rush_epa_per_att,4,raw_feature,3095,0.18940959921940348,0.14728839846363614,0.001147183314472351,0.18156460314899528,-0.15515804591477989,-0.06626694636750963
rb,rush_epa_per_att,4,shrunk_feature,3095,0.15804748665393514,0.11999171050343149,-0.013857349070840257,0.193432464555409,0.03611101761837654,0.10318122633006832
rb,rush_epa_per_att,4,oppadj_raw,3081,0.15808217261839547,0.12002128530098169,-0.007154938983747357,0.20062813709015828,0.03783271254996323,0.107284678349862
rb,rush_epa_per_att,4,oppadj_shrunk,3081,0.16052819738811508,0.12063098638608931,-0.016977820741243165,0.15993137748819986,0.022944980563903372,0.09152871036172905
rb,rush_success_rate,2,baseline_league,4374,0.12581457891432232,0.09732790026247613,-0.011731593036050031,0.001115790942576521,0.0,-0.009414395001002829
rb,rush_success_rate,2,baseline_prior,3185,0.12368459760942264,0.09728221199023565,0.0034915244530252343,0.17074880815070873,0.009326590791280953,0.0
rb,rush_success_rate,2,baseline_raw_t3,4367,0.15008828024702045,0.1171663668796939,-0.0008695019744350196,0.17333689084212073,-0.19245740876042094,-0.19020926322096998
rb,rush_success_rate,2,raw_feature,4374,0.12881282907134592,0.10092605884578064,-0.00020113979702423502,0.2195128530277653,-0.02383070533555065,-0.023551316681127643
rb,rush_success_rate,2,shrunk_feature,4374,0.12011182846148734,0.09368961788367516,-0.007690817735801118,0.22269479971673403,0.045326626707692275,0.036852416465451565
rb,rush_success_rate,2,oppadj_raw,4353,0.12500940232356936,0.09801832503561862,-0.03644213987852083,0.20133325077561834,0.007529797942735006,-0.007348859805904828
rb,rush_success_rate,2,oppadj_shrunk,4353,0.12286815543985707,0.09564679337929823,-0.020366055451177437,0.1807648382018072,0.024529509067117705,0.013944603723183513
rb,rush_success_rate,4,baseline_league,3095,0.0911081146768971,0.06979643298413943,-0.01241531301104396,-0.00008017437325111104,0.0,0.0033487014536092152
rb,rush_success_rate,4,baseline_prior,2353,0.09200924255943362,0.07356251707276044,0.0002625025701441472,0.18790815639376152,-0.0033599529328796063,0.0
rb,rush_success_rate,4,baseline_raw_t3,3090,0.1207303421926897,0.09511329752390538,-0.0017626347488327453,0.20371560689978938,-0.32447947045644643,-0.2874208808395715
rb,rush_success_rate,4,raw_feature,3095,0.09888077871167204,0.07803791483693766,0.0005742161242410405,0.23858931118289908,-0.08531253294330221,-0.051157324774954605
rb,rush_success_rate,4,shrunk_feature,3095,0.08558649289989412,0.06685156481746143,-0.008151541109863512,0.23990083275413968,0.06060515900899366,0.06825087138576091
rb,rush_success_rate,4,oppadj_raw,3081,0.09372307533501108,0.07429137276519031,-0.03730830975960025,0.2071290618876027,-0.027020337591160182,-0.025863274762803146
rb,rush_success_rate,4,oppadj_shrunk,3081,0.08902238864328109,0.06931106016776925,-0.020841981754645827,0.18369572131020806,0.024489931526602948,0.02756130128064116
rb,yards_per_carry,2,baseline_league,4374,1.3755112180842548,1.0392536588861876,-0.07495044876223424,-0.043229113502193266,0.0,0.04103499653717524
rb,yards_per_carry,2,baseline_prior,3185,1.419898900522306,1.0844797316004253,0.07658406092449609,0.1735884192921194,-0.04279092186784483,0.0
rb,yards_per_carry,2,baseline_raw_t3,4367,1.741408371784742,1.3270078747266434,-0.03504874782006171,0.14384581899417742,-0.2655278888235184,-0.20014563821493736
rb,yards_per_carry,2,raw_feature,4374,1.5403977155838438,1.1724605305525746,-0.017059164597989698,0.1600170543246354,-0.11987288459139922,-0.06079180360875647
rb,yards_per_carry,2,shrunk_feature,4374,1.3546666174115845,1.0261029441100513,-0.05432812831209229,0.1559723308444265,0.015154075371120346,0.05525158238416861
rb,yards_per_carry,2,oppadj_raw,4353,1.3702792721591108,1.0473542877361062,0.10819851873446326,0.19388887682600128,0.005608882442894703,0.050796983094232306
rb,yards_per_carry,2,oppadj_shrunk,4353,1.3516386719523608,1.0248007766514282,-0.012554594150780808,0.17265530538686186,0.019136086457532286,0.05871771372306167
rb,yards_per_carry,4,baseline_league,3095,0.9934485423291984,0.7711613366453687,-0.08539449213650818,-0.08516351280860472,0.0,0.07304481473230495
rb,yards_per_carry,4,baseline_prior,2353,1.0787136424883688,0.8326394793777443,0.0619429861660756,0.23514960833780033,-0.07880080492910824,0.0
rb,yards_per_carry,4,baseline_raw_t3,3090,1.4494904148304468,1.0916020370759547,0.0007980106940682424,0.17987449861887164,-0.4594707335179806,-0.3365767806505895
rb,yards_per_carry,4,raw_feature,3095,1.2280604186944937,0.9282539905926562,0.023568745702448202,0.20233463915100375,-0.23615906246662144,-0.12285735027095535
rb,yards_per_carry,4,shrunk_feature,3095,0.9684535305018446,0.7517460966120039,-0.04829852781708147,0.19542503884719936,0.025159845490086097,0.09536168773339282
rb,yards_per_carry,4,oppadj_raw,3081,0.9865401674101026,0.7673227271062933,0.11476699974820294,0.2608860003712926,0.008586144014857355,0.08932424816529416
rb,yards_per_carry,4,oppadj_shrunk,3081,0.9599101329671568,0.7485038130453513,-0.020450012406632433,0.23398666612386124,0.035347735690752224,0.10472708323357816
special_teams,st_epa_per_play,2,baseline_league,2731,0.197238813979293,0.15552727308558734,-0.03587631073167871,0.2730003467718537,0.0,0.024563478366317892
special_teams,st_epa_per_play,2,baseline_prior,2707,0.20018783773174958,0.15739923095210887,-0.023327928600703544,0.18764992321318846,-0.025182036782033235,0.0
special_teams,st_epa_per_play,2,baseline_raw_t3,2731,0.23593309142770116,0.18635764988081152,-0.0011422941352969129,0.1729939640629926,-0.19617983229442082,-0.1713054333730013
special_teams,st_epa_per_play,2,raw_feature,2731,0.20441477417628848,0.16072499488955944,-0.0007717178733676202,0.20783591510686156,-0.03638208957060973,-0.016100495550381178
special_teams,st_epa_per_play,2,shrunk_feature,2731,0.19287380462072282,0.1515834674535729,-0.02301479990377473,0.26282279464580394,0.022130580033950298,0.04438688809041458
special_teams,st_epa_per_play,4,baseline_league,2350,0.15081072405086765,0.1196559940012685,-0.03654873655796247,0.33530325095307517,0.0,0.038053974578376004
special_teams,st_epa_per_play,4,baseline_prior,2330,0.1546734028549409,0.123169897680504,-0.023541046477953645,0.23252649840752457,-0.03955936567407381,0.0
special_teams,st_epa_per_play,4,baseline_raw_t3,2350,0.19624595722068583,0.15721362339861703,0.0007853019855232168,0.21695981968200312,-0.3012732248039145,-0.26466056045212105
special_teams,st_epa_per_play,4,raw_feature,2350,0.15965872701064845,0.12692592143254658,-0.0009567061410272403,0.2663475867903512,-0.05866958742798967,-0.029065757571228534
special_teams,st_epa_per_play,4,shrunk_feature,2350,0.144646997085202,0.11510823091075129,-0.02412846611158982,0.33348874216299235,0.04087061450342644,0.0742940369105316
team_defense,early_down_epa_per_play,2,baseline_league,2732,0.136900299957427,0.10763978994509417,0.008698182460806272,-0.08792103470240487,0.0,0.04316450092636326
team_defense,early_down_epa_per_play,2,baseline_prior,2732,0.14307610878773566,0.11242719620341758,0.008266786675744157,0.09906574341745944,-0.045111726068015834,0.0
team_defense,early_down_epa_per_play,2,baseline_raw_t3,2732,0.16133064259257876,0.12835294595021263,0.0018124728075632637,0.146230348215706,-0.17845353620663396,-0.1275861774513667
team_defense,early_down_epa_per_play,2,raw_feature,2732,0.1424898968556907,0.11327676734316487,0.006356453786043994,0.19397241841750798,-0.040829690658106266,0.004097203488491963
team_defense,early_down_epa_per_play,2,shrunk_feature,2732,0.13333429320658774,0.10537748572522558,0.007521533996232267,0.1786406756432671,0.02604820261130336,0.06808834587192092
team_defense,early_down_epa_per_play,2,oppadj_raw,2721,0.13568109850854013,0.10691008391261257,0.009021011126979322,0.05204418432481582,0.008018540345236302,0.0522998172780057
team_defense,early_down_epa_per_play,2,oppadj_shrunk,2721,0.1362142873442472,0.10716889074158868,0.009127366184822567,-0.02183045906176331,0.004120330164670616,0.0485756201526919
team_defense,early_down_epa_per_play,4,baseline_league,2351,0.1033322408228878,0.08150114552093354,0.01034743681050184,-0.11769986829451276,0.0,0.07764821246946452
team_defense,early_down_epa_per_play,4,baseline_prior,2351,0.11203126856786937,0.08828372226338979,0.009637592484331589,0.11945607905505976,-0.08418502952908713,0.0
team_defense,early_down_epa_per_play,4,baseline_raw_t3,2351,0.13588304746603694,0.10875453569380666,0.00345976191589582,0.17460779893737996,-0.31501113673651426,-0.21290287259148544
team_defense,early_down_epa_per_play,4,raw_feature,2351,0.11322437631218724,0.09088797478918922,0.007391303023148836,0.2333355204213689,-0.09573135558198742,-0.01064977447430282
team_defense,early_down_epa_per_play,4,shrunk_feature,2351,0.09928424947871947,0.0790560658251662,0.008910876594395097,0.21062931711323585,0.03917452396204801,0.11378090467151725
team_defense,early_down_epa_per_play,4,oppadj_raw,2342,0.10194535614130157,0.08031519595303155,0.01052010184883143,0.060433941713779235,0.012296391735170498,0.09109668906635093
team_defense,early_down_epa_per_play,4,oppadj_shrunk,2342,0.10257911226299654,0.08077775300073112,0.010688065765207044,-0.037213855560537336,0.0061562080931570895,0.08544637737844407
team_defense,epa_per_play,2,baseline_league,2732,0.14731823862266985,0.11721148790159097,0.005648406863186343,-0.0809971794001181,0.0,0.043058857268802875
team_defense,epa_per_play,2,baseline_prior,2732,0.15394702144607367,0.12174209507293907,0.007002450706214257,0.10402627190113059,-0.04499634862172286,0.0
team_defense,epa_per_play,2,baseline_raw_t3,2732,0.17204117282502554,0.13716738738827527,0.0007603061806275112,0.15897045027389725,-0.16781991444846955,-0.11753492343656746
team_defense,epa_per_play,2,raw_feature,2732,0.1524866318063627,0.12200354359317409,0.005594872761425256,0.19881080046820726,-0.03508318611472672,0.009486313057524898
team_defense,epa_per_play,2,shrunk_feature,2732,0.14314832512404796,0.1139108526052134,0.005225266851484607,0.181684124397495,0.028305480282739492,0.07014553591612294
team_defense,epa_per_play,2,oppadj_raw,2721,0.14581055795560366,0.11605489846267521,0.005741699269604764,0.0999622657742752,0.008741007071568552,0.05313935267350112
team_defense,epa_per_play,2,oppadj_shrunk,2721,0.14596832871892756,0.11606692787287874,0.005982406437813471,0.036585013675551975,0.007668439418315187,0.05211482516887722
team_defense,epa_per_play,4,baseline_league,2351,0.11040480360838408,0.08811145239629636,0.007604252648711136,-0.10888320820604049,0.0,0.07783861847268314
team_defense,epa_per_play,4,baseline_prior,2351,0.11972395051452672,0.09434315686805869,0.008621921078119734,0.12786170203531244,-0.08440888984503347,0.0
team_defense,epa_per_play,4,baseline_raw_t3,2351,0.14322599882244944,0.11385740139503824,0.002767415816791162,0.2007770254359108,-0.29728049995437833,-0.19630197806637772
team_defense,epa_per_play,4,raw_feature,2351,0.12098271984777328,0.09675335496786325,0.0067862558694034725,0.24152810409664832,-0.0958102898938169,-0.010513930820331696
team_defense,epa_per_play,4,shrunk_feature,2351,0.10584943723522251,0.08464361078093448,0.006805209142098289,0.2174141674914805,0.041260581281588604,0.11588753310993316
team_defense,epa_per_play,4,oppadj_raw,2342,0.10892263423636717,0.08666478755588639,0.007410069690227064,0.1240303622663947,0.012061552934396813,0.09124301495248022
team_defense,epa_per_play,4,oppadj_shrunk,2342,0.10895828438623215,0.08678497893761253,0.007783847805254983,0.0390666098347569,0.011738202751561233,0.09094558069618508
team_defense,explosive_rush_rate,2,baseline_league,2732,0.04695919640827926,0.03758947614501941,0.00363967980447457,0.015705842449810745,0.0,0.029882032904557154
team_defense,explosive_rush_rate,2,baseline_prior,2732,0.04840565580789752,0.038382418760040386,0.0037682640405063295,0.16108531860990385,-0.03080247342910747,0.0
team_defense,explosive_rush_rate,2,baseline_raw_t3,2732,0.05695877421488772,0.045529025136784605,0.00014352871167293326,0.12198013212078833,-0.21294184252363957,-0.17669667447403414
team_defense,explosive_rush_rate,2,raw_feature,2732,0.05002996899711796,0.039773510906371205,0.000690238881306615,0.15560205018985215,-0.06539235812598565,-0.033556268624201246
team_defense,explosive_rush_rate,2,shrunk_feature,2732,0.04624158391444841,0.03703586943299491,0.002550361919531481,0.15826353174331292,0.015281617845239182,0.0447070049425099
team_defense,explosive_rush_rate,2,oppadj_raw,2721,0.046363897904500496,0.03707501895105962,0.0036280239919847554,0.15440993008473236,0.012193412254697389,0.0418408467964132
team_defense,explosive_rush_rate,2,oppadj_shrunk,2721,0.04652218726393432,0.037202637742243694,0.003651148500045989,0.14104674023799277,0.008820976392191149,0.038569629201450684
team_defense,explosive_rush_rate,4,baseline_league,2351,0.03451196310847556,0.027578195043136383,0.0032922243122282422,0.03545509223355034,0.0,0.050753049550637974
team_defense,explosive_rush_rate,4,baseline_prior,2351,0.03635720198220075,0.02909743356340527,0.0033209642323937237,0.21862729027826594,-0.053466644824734066,0.0
team_defense,explosive_rush_rate,4,baseline_raw_t3,2351,0.04701839672288618,0.03779785842986506,-0.00031812989471749524,0.15785050679185492,-0.362379664555774,-0.29323474193379306
team_defense,explosive_rush_rate,4,raw_feature,2351,0.03912269493932826,0.031282192406921275,0.0001199039182520976,0.19700355240967848,-0.1335980748577117,-0.07606451559395033
team_defense,explosive_rush_rate,4,shrunk_feature,2351,0.03357345985584098,0.027040310161786103,0.0021544271381027306,0.20305384225963838,0.02719356327789124,0.07656645656402805
team_defense,explosive_rush_rate,4,oppadj_raw,2342,0.03371910891177195,0.027013624307660092,0.003324409213278459,0.21226492184682993,0.0236981061999888,0.07327852401736668
team_defense,explosive_rush_rate,4,oppadj_shrunk,2342,0.03398606866059189,0.027181265392221994,0.003350722268651472,0.19483805437053023,0.015968563019495896,0.06594151718537422
team_defense,pass_epa_per_dropback,2,baseline_league,2732,0.22478041402730958,0.1793126363074687,0.006017124564458716,-0.0788467486026211,0.0,0.04199521053466393
team_defense,pass_epa_per_dropback,2,baseline_prior,2732,0.23463391467255595,0.18576623696007988,0.006259211111059166,0.08721122668504383,-0.04383611751889216,0.0
team_defense,pass_epa_per_dropback,2,baseline_raw_t3,2732,0.26577657644135766,0.21303329992233375,-0.0004924117840462694,0.14303328233922738,-0.18238316087925388,-0.1327287311054881
team_defense,pass_epa_per_dropback,2,raw_feature,2732,0.2373467846938362,0.18899808269108903,0.005518374423584445,0.15998079904846882,-0.05590509618422468,-0.01156213936534356
team_defense,pass_epa_per_dropback,2,shrunk_feature,2732,0.22051768621706794,0.17576299657426292,0.005079617263338223,0.14888865486465344,0.018963964581557136,0.06016277943104675
team_defense,pass_epa_per_dropback,2,oppadj_raw,2721,0.22227581757703674,0.1771000965544182,0.0063473956779837954,0.0755019874903617,0.008780242400394211,0.05181723314983877
team_defense,pass_epa_per_dropback,2,oppadj_shrunk,2721,0.22324127627811305,0.17800459876993982,0.0065575700420721144,0.0017177903308222215,0.004474862939483626,0.04769878557220775
team_defense,pass_epa_per_dropback,4,baseline_league,2351,0.16691251153114967,0.13274153517895002,0.012595772223627242,-0.10348195712396292,0.0,0.07556913308850921
team_defense,pass_epa_per_dropback,4,baseline_prior,2351,0.18055705137670466,0.14241666097838698,0.012123561538607068,0.1062399228495076,-0.0817466570983123,0.0
team_defense,pass_epa_per_dropback,4,baseline_raw_t3,2351,0.22257174563300397,0.17733695987071307,0.006653286545833491,0.16957035771402418,-0.3334635228436247,-0.23269484041718247
team_defense,pass_epa_per_dropback,4,raw_feature,2351,0.18870501213102456,0.1499324953677013,0.011283265430450034,0.1884955986430881,-0.1305624150039102,-0.04512679339961312
team_defense,pass_epa_per_dropback,4,shrunk_feature,2351,0.16258207623023085,0.12988341522460148,0.011236070609380828,0.17099957557255688,0.025944342105898133,0.09955288375291294
team_defense,pass_epa_per_dropback,4,oppadj_raw,2342,0.1642012609961835,0.1308025946116701,0.01255914000330717,0.09335282198834617,0.014728101744046818,0.09058616752552229
team_defense,pass_epa_per_dropback,4,oppadj_shrunk,2342,0.16546367039367618,0.1315696197298815,0.012904425643984195,-0.008035719365619138,0.00715315076073697,0.08359442725897048
team_defense,pass_success_rate,2,baseline_league,2732,0.0725401945121177,0.05802962379329234,0.0033278304019018472,-0.04182922749100821,0.0,0.027440306490523092
team_defense,pass_success_rate,2,baseline_prior,2732,0.07458688139784692,0.05908746741221654,0.0037553174904422057,0.1263622494971871,-0.02821452161101279,0.0
team_defense,pass_success_rate,2,baseline_raw_t3,2732,0.08542918334369819,0.06819216891741918,0.0012062562589499018,0.15758433168862904,-0.17768064889083535,-0.14536473093731272
team_defense,pass_success_rate,2,raw_feature,2732,0.07572990923350739,0.06042341871236304,0.004205799051782751,0.18285056371853783,-0.04397168690879183,-0.015324783852586066
team_defense,pass_success_rate,2,shrunk_feature,2732,0.0708142364607519,0.05676468505350769,0.003390791941705975,0.15753140229347912,0.023793126872267756,0.05058054266904799
team_defense,pass_success_rate,2,oppadj_raw,2721,0.07161558812185134,0.05709114024515293,0.003391526401044707,0.08270653342901321,0.011985638362973172,0.0397042739609057
team_defense,pass_success_rate,2,oppadj_shrunk,2721,0.07208054651892895,0.057588956964322334,0.0034531780280480794,0.023255617788658225,0.0055710352587609036,0.033469631850030046
team_defense,pass_success_rate,4,baseline_league,2351,0.05422133017441301,0.04348235209971038,0.004931093576559047,-0.0665931543436492,0.0,0.04401365369705401
team_defense,pass_success_rate,4,baseline_prior,2351,0.0567176826155534,0.04510049756987754,0.005087301016829903,0.16752476242313716,-0.046040044261371094,0.0
team_defense,pass_success_rate,4,baseline_raw_t3,2351,0.07099989274586935,0.05701236560717782,0.0028165158742205253,0.19792491272733787,-0.309445794071908,-0.2518123003565631
team_defense,pass_success_rate,4,raw_feature,2351,0.05992390162657605,0.047869934223749716,0.005662627451962125,0.2192491531305772,-0.10517210540242483,-0.056529443079598396
team_defense,pass_success_rate,4,shrunk_feature,2351,0.05227551240101912,0.04169270122424257,0.004890550899751758,0.18130773242897166,0.03588657392090544,0.07832072838103099
team_defense,pass_success_rate,4,oppadj_raw,2342,0.05304698286902394,0.04243761347059363,0.004881877119114712,0.10571218503563262,0.02168088930750023,0.06542801905712903
team_defense,pass_success_rate,4,oppadj_shrunk,2342,0.05370190825898186,0.04302049206800604,0.00498778586130081,0.02150031076820249,0.00960242620893792,0.05388966407520668
team_defense,rush_success_rate,2,baseline_league,2732,0.08003954511575519,0.06313373931701298,-0.0009634638815683688,0.04315064746604548,0.0,0.051597713277076296
team_defense,rush_success_rate,2,baseline_prior,2732,0.08439408702009887,0.06680693777946398,0.0030455562181158466,0.08918626798915388,-0.054404880712978,0.0
team_defense,rush_success_rate,2,baseline_raw_t3,2732,0.09832980039018008,0.07824056024343505,0.0009735537309249226,0.1031712462818374,-0.2285152326637172,-0.1651266559322142
team_defense,rush_success_rate,2,raw_feature,2732,0.08533660120548303,0.06749568813883282,0.0027463642310325944,0.1618932767847157,-0.0661804871837679,-0.011168012104446401
team_defense,rush_success_rate,2,shrunk_feature,2732,0.07882908766180068,0.06216429137525868,0.00030174422323998634,0.15614176277147257,0.01512324254471853,0.06594063108915282
team_defense,rush_success_rate,2,oppadj_raw,2721,0.07981029591100793,0.06288208242370984,-0.0009467164733096175,0.10385956339638222,0.0025945732743071215,0.05457386774695516
team_defense,rush_success_rate,2,oppadj_shrunk,2721,0.0796578518215699,0.06282073135844159,-0.0008844507994062306,0.07298130380473265,0.0044996979244811275,0.056379707760666364
team_defense,rush_success_rate,4,baseline_league,2351,0.05910843264074168,0.04682320366737349,-0.0033068467974784158,0.055375956277693754,0.0,0.08425673993426563
team_defense,rush_success_rate,4,baseline_prior,2351,0.06454694805670612,0.0515879954919432,0.0008177606744720083,0.12524618730991496,-0.09200912920529447,0.0
team_defense,rush_success_rate,4,baseline_raw_t3,2351,0.0828794373055233,0.06653372417189947,-0.0026455168316994963,0.12957927013624712,-0.40215927918882044,-0.28401790945579064
team_defense,rush_success_rate,4,raw_feature,2351,0.06754295037685064,0.05409684539399828,0.000050136252839123264,0.19632014019034222,-0.1426956757147253,-0.04641586334201975
team_defense,rush_success_rate,4,shrunk_feature,2351,0.05781279107897021,0.04578352707965332,-0.002279651830884341,0.19047205547920498,0.021919741463055198,0.10432959544144182
team_defense,rush_success_rate,4,oppadj_raw,2342,0.05870854933237739,0.0463893090386591,-0.00318250427524553,0.1464268287372064,0.005896538660973949,0.09106395116261001
team_defense,rush_success_rate,4,oppadj_shrunk,2342,0.05856785281486776,0.04630295948434621,-0.0031396115358848465,0.10062463356137005,0.008278932650353843,0.09324223930232145
team_defense,success_rate,2,baseline_league,2732,0.05515268243869291,0.044401176566241825,0.0016497545087321814,-0.09454432688485433,0.0,0.04474352182851238
team_defense,success_rate,2,baseline_prior,2732,0.05773599415338579,0.04592639281491376,0.0032335687203653147,0.10228884821886883,-0.04683927599649307,0.0
team_defense,success_rate,2,baseline_raw_t3,2732,0.0642426495506362,0.051627622213135604,0.0010956343682906448,0.1676864282435626,-0.16481459667981868,-0.11269668934710553
team_defense,success_rate,2,raw_feature,2732,0.056925920334444685,0.04543935348981273,0.0036164431163328674,0.21203615740387527,-0.03215143520395203,0.0140306550674264
team_defense,success_rate,2,shrunk_feature,2732,0.053507432156925334,0.042969637725034135,0.0022358964102403775,0.17461209668408953,0.02983082978051732,0.07323961522558242
team_defense,success_rate,2,oppadj_raw,2721,0.054490081815782083,0.04360428363706675,0.0017141087134297723,0.09728027481099949,0.011507609369953986,0.05667110331575731
team_defense,success_rate,2,oppadj_shrunk,2721,0.05465748034844899,0.04393389089842453,0.0017851874659450975,0.021820325758190547,0.008470870017950438,0.05377311036245069
team_defense,success_rate,4,baseline_league,2351,0.04179845108663481,0.03366380481799109,0.001906315767448882,-0.13052226000041,0.0,0.07333689527676512
team_defense,success_rate,4,baseline_prior,2351,0.045106415560937536,0.03607408680616707,0.003393066558845378,0.13175167836304724,-0.07914083867477228,0.0
team_defense,success_rate,4,baseline_raw_t3,2351,0.053780018002779054,0.04336776675665016,0.001020339750357518,0.2148193348309576,-0.28665097879608714,-0.19229199070637115
team_defense,success_rate,4,raw_feature,2351,0.045464278186493574,0.03629213415520804,0.00372816357890772,0.24876452735903995,-0.08770246276017923,-0.007933741156456398
team_defense,success_rate,4,shrunk_feature,2351,0.04000859291888764,0.032161454453983544,0.0023809089926701324,0.19731025018132362,0.04282116014388582,0.11301768448354921
team_defense,success_rate,4,oppadj_raw,2342,0.040938185771227154,0.03274943767930359,0.0019141598188261437,0.1292965529048243,0.019495630288794863,0.09290651744214373
team_defense,success_rate,4,oppadj_shrunk,2342,0.04116358809893297,0.03306646890161815,0.002013777404981784,0.020102758939991854,0.014097052821447575,0.08791213436034595
team_offense,early_down_epa_per_play,2,baseline_league,2732,0.13913286811188655,0.109910317829101,0.0030194926562455105,-0.07809648718189563,0.0,0.04230974010436883
team_offense,early_down_epa_per_play,2,baseline_prior,2732,0.14527961068231937,0.11589916612466852,0.0036158245367475094,0.15207739595906616,-0.04417893955502872,0.0
team_offense,early_down_epa_per_play,2,baseline_raw_t3,2732,0.156673110800342,0.12398711485531416,0.003400794659099186,0.2454595700853383,-0.12606828944509418,-0.0784246327789011
team_offense,early_down_epa_per_play,2,raw_feature,2732,0.1388480342033711,0.11012709704160868,0.007808785520736372,0.2891098733720201,0.0020472079127009657,0.044270331182343914
team_offense,early_down_epa_per_play,2,shrunk_feature,2732,0.1316256727173991,0.10453755014422605,0.005520089673368803,0.2884846290393575,0.0539570232135973,0.09398385568899348
team_offense,early_down_epa_per_play,2,oppadj_raw,2721,0.13534740070505494,0.10758751830574813,0.0037316488217401475,0.21837461000600472,0.028028112881064993,0.0692443330781537
team_offense,early_down_epa_per_play,2,oppadj_shrunk,2721,0.13510925065882118,0.10707600297119477,0.003483199300806464,0.1892382725655185,0.029738342620605485,0.07088204096138684
team_offense,early_down_epa_per_play,4,baseline_league,2351,0.10987135225348749,0.08690298133926881,0.0006434435551612647,-0.09693245434865441,0.0,0.06284880058220477
team_offense,early_down_epa_per_play,4,baseline_prior,2351,0.11723972857501011,0.09450881533737679,0.002113417609720039,0.19536820465898697,-0.06706367192535168,0.0
team_offense,early_down_epa_per_play,4,baseline_raw_t3,2351,0.13009332747369065,0.10297911047047242,0.004652985604607727,0.32434584150682455,-0.1840513910627808,-0.10963518130679395
team_offense,early_down_epa_per_play,4,raw_feature,2351,0.11014972168004245,0.08698273599853575,0.008094564146620669,0.3728555997364782,-0.0025335942522370924,0.06047443968988264
team_offense,early_down_epa_per_play,4,shrunk_feature,2351,0.1002111810310583,0.07890214689322023,0.004733167470044097,0.3715584299730734,0.08792256602195914,0.145245538785574
team_offense,early_down_epa_per_play,4,oppadj_raw,2342,0.10497444653289334,0.083245278010373,0.002392861663096916,0.2802387230920374,0.0455568598565278,0.10570569873722835
team_offense,early_down_epa_per_play,4,oppadj_shrunk,2342,0.10467328908423755,0.08266636858836873,0.001749093040775278,0.24245731522241726,0.04829502776754002,0.10827130778791583
team_offense,epa_per_play,2,baseline_league,2732,0.15121293143930362,0.12106140521608486,-0.0014524130269558018,-0.06591862569785027,0.0,0.035316958140362065
team_offense,epa_per_play,2,baseline_prior,2732,0.1567488230619329,0.12515390607219307,0.0011301332433193475,0.20176440089593323,-0.03660990875539882,0.0
team_offense,epa_per_play,2,baseline_raw_t3,2732,0.16402369994467833,0.13090395009805522,0.0030116343706217035,0.3082075854826872,-0.08472005921343384,-0.046411046288181934
team_offense,epa_per_play,2,raw_feature,2732,0.14394714110541773,0.1143257717185549,0.00720758352276669,0.37952072115789787,0.0480500593747325,0.08167003557951513
team_offense,epa_per_play,2,shrunk_feature,2732,0.13879246826215869,0.11048874323032372,0.003100524372610361,0.375674036862541,0.08213889552250675,0.11455495772800484
team_offense,epa_per_play,2,oppadj_raw,2721,0.14551148261420455,0.1155438137192019,-0.00021424780696598425,0.2896184531246434,0.03812822929873694,0.07170130138460107
team_offense,epa_per_play,2,oppadj_shrunk,2721,0.14459033104436889,0.11526062799871369,-0.0005542264445404106,0.2683652319945158,0.044217299904327656,0.07757783970407595
team_offense,epa_per_play,4,baseline_league,2351,0.12162921823921391,0.09747832659935098,-0.0047876484696073186,-0.07820570066266459,0.0,0.04867280440730515
team_offense,epa_per_play,4,baseline_prior,2351,0.1278521404651284,0.10325149821985878,-0.0010932971972549407,0.25671350759730666,-0.05116305371358698,0.0
team_offense,epa_per_play,4,baseline_raw_t3,2351,0.13764580378731656,0.10965524234881394,0.003594997087737313,0.3784079362760426,-0.1316837005118463,-0.07660148110589793
team_offense,epa_per_play,4,raw_feature,2351,0.1130272983467677,0.08982996403633065,0.007210077190462253,0.47787180850602096,0.07072247949114019,0.11595302248697337
team_offense,epa_per_play,4,shrunk_feature,2351,0.10571836730073277,0.08450021952929203,0.0017487791950477555,0.4740286946565915,0.13081438135357015,0.17312008296359038
team_offense,epa_per_play,4,oppadj_raw,2342,0.11428106935547977,0.09052941525600489,-0.002096958341060246,0.3637705223679552,0.06091402609672081,0.10623205715925266
team_offense,epa_per_play,4,oppadj_shrunk,2342,0.11306084330485479,0.08995587056253641,-0.0029777534221715513,0.3373463494812393,0.07094103385571293,0.11577518563379807
team_offense,explosive_pass_rate,2,baseline_league,2732,0.03576724059341356,0.028383129070985304,-0.00035270768267201013,-0.038144702841334095,0.0,0.040514231128724876
team_offense,explosive_pass_rate,2,baseline_prior,2732,0.03727751025999022,0.029566502263681894,-0.00019329916345141895,0.10865363255511143,-0.04222494219626127,0.0
team_offense,explosive_pass_rate,2,baseline_raw_t3,2732,0.04255231585635074,0.03357622326392568,0.0005072785025210998,0.1616754506760626,-0.18970083099412016,-0.14150101655318825
team_offense,explosive_pass_rate,2,raw_feature,2732,0.03672572964321229,0.029250884359488107,0.00040079815910471774,0.2194978091637611,-0.026797959079214895,0.01480197075742351
team_offense,explosive_pass_rate,2,shrunk_feature,2732,0.034808136114703674,0.02771078688857037,-0.00005538419196008297,0.2152961205221483,0.02681516557602437,0.06624300088884727
team_offense,explosive_pass_rate,2,oppadj_raw,2721,0.03491060064122172,0.027695636935375724,-0.00012735032917706923,0.18474680012288625,0.022599600165196354,0.06273362673673721
team_offense,explosive_pass_rate,2,oppadj_shrunk,2721,0.035228217235093805,0.027970535935067244,-0.00018962910902765637,0.15025091899032555,0.013707212748688247,0.054206378635620056
team_offense,explosive_pass_rate,4,baseline_league,2351,0.027130591573778114,0.02147707203283705,-0.00013416003183157102,-0.06562562969204262,0.0,0.06317840627981974
team_offense,explosive_pass_rate,4,baseline_prior,2351,0.028960254284960223,0.023020712643963596,0.0001710420505343313,0.14650861977414475,-0.0674391012155624,0.0
team_offense,explosive_pass_rate,4,baseline_raw_t3,2351,0.03525155704526692,0.027662697403052626,0.001707190857448434,0.2377272067410455,-0.2993287282146022,-0.21723920993241852
team_offense,explosive_pass_rate,4,raw_feature,2351,0.028512315730938136,0.022688527307042447,0.0012047175224052203,0.3012983979803312,-0.05092864095508576,0.015467355694273488
team_offense,explosive_pass_rate,4,shrunk_feature,2351,0.025867186876465876,0.02060013839224905,0.0004254946021607953,0.2897274752865209,0.04656753222194121,0.10680387603159458
team_offense,explosive_pass_rate,4,oppadj_raw,2342,0.026003067067577115,0.020738279431837255,0.0002473441354659745,0.23527362564005055,0.03984725193073224,0.10131186642182743
team_offense,explosive_pass_rate,4,oppadj_shrunk,2342,0.026459186682290983,0.020992196123155633,0.00009509160689492334,0.1791430871918428,0.023005219397505328,0.0855479842547614
team_offense,pass_epa_per_dropback,2,baseline_league,2732,0.22783757259435267,0.18092832806524797,-0.003955178611543424,-0.07917935148173996,0.0,0.0317483718948931
team_offense,pass_epa_per_dropback,2,baseline_prior,2732,0.23530822565228895,0.18670059578187362,-0.0013577460571982042,0.1921637550566806,-0.03278938136879295,0.0
team_offense,pass_epa_per_dropback,2,baseline_raw_t3,2732,0.256954613953108,0.20550472960122956,0.0028459375637669942,0.25460482927763683,-0.12779736470681224,-0.09199163455002002
team_offense,pass_epa_per_dropback,2,raw_feature,2732,0.22299671669438775,0.17745673148309352,0.00914675142356302,0.33892248447561885,0.021246960476460464,0.05232077596851081
team_offense,pass_epa_per_dropback,2,shrunk_feature,2732,0.21328968888703176,0.16949309503351184,0.002805363421651827,0.33310173223890727,0.06385199570758371,0.09357317069652138
team_offense,pass_epa_per_dropback,2,oppadj_raw,2721,0.22065213051323496,0.17449126194654124,-0.0017569006984000394,0.27116720003312805,0.03108278746123916,0.06146782282669716
team_offense,pass_epa_per_dropback,2,oppadj_shrunk,2721,0.21903459538460768,0.17339794126896751,-0.002287522592587268,0.25149939953088024,0.038185631310367896,0.06834792302058035
team_offense,pass_epa_per_dropback,4,baseline_league,2351,0.17701380803134417,0.14208840123433206,-0.0050727461288572135,-0.09890951513504938,0.0,0.0507603649792111
team_offense,pass_epa_per_dropback,4,baseline_prior,2351,0.18647957955049724,0.14946538140630466,-0.0006910824665364259,0.24585062518088496,-0.053474763491201394,0.0
team_offense,pass_epa_per_dropback,4,baseline_raw_t3,2351,0.21330005569376317,0.16951889798462336,0.008194206958676616,0.3328495583867546,-0.2049910572851681,-0.14382527142068735
team_offense,pass_epa_per_dropback,4,raw_feature,2351,0.1735106260417962,0.13827688682277559,0.013347982358805013,0.4348269857912847,0.019790444759697268,0.0695462395398051
team_offense,pass_epa_per_dropback,4,shrunk_feature,2351,0.15855311623724366,0.12627028406891871,0.004780531862373735,0.4277484327305589,0.1042895579695774,0.1497561469227321
team_offense,pass_epa_per_dropback,4,oppadj_raw,2342,0.1685305851498107,0.13364206032914694,-0.0008459113172242855,0.3416106371875284,0.047557328899022644,0.09550887434149147
team_offense,pass_epa_per_dropback,4,oppadj_shrunk,2342,0.16585392790504486,0.13222835679616712,-0.0021910360492992764,0.3170200879394467,0.0626843313571247,0.10987429485058287
team_offense,pass_success_rate,2,baseline_league,2732,0.07415461273974894,0.0595983742348678,0.0006437061183404453,-0.04665511177578539,0.0,0.01966633732551004
team_offense,pass_success_rate,2,baseline_prior,2732,0.07564221811729344,0.06038490020497016,0.0016665025352185624,0.21562476698179672,-0.020060860984674855,0.0
team_offense,pass_success_rate,2,baseline_raw_t3,2732,0.08168609751657606,0.06544407443023487,0.0022249861248217193,0.2951157793311613,-0.10156461612522238,-0.07990087479865782
team_offense,pass_success_rate,2,raw_feature,2732,0.07215266882075068,0.057681724390136135,0.005484246856468473,0.3588005628105857,0.026996889944314373,0.046132297325439886
team_offense,pass_success_rate,2,shrunk_feature,2732,0.06896602728875695,0.055277269954905,0.0030901460162079397,0.3507663948495462,0.06996982735520052,0.08826011445333548
team_offense,pass_success_rate,2,oppadj_raw,2721,0.07101398081617089,0.056875526013299614,0.0012132797434452267,0.26705319374423736,0.043018983698639435,0.06239632163722797
team_offense,pass_success_rate,2,oppadj_shrunk,2721,0.07139635023260171,0.05722372528507082,0.0010959549829671039,0.23912646253258066,0.037866191691587225,0.05734786544284809
team_offense,pass_success_rate,4,baseline_league,2351,0.0582223555413331,0.04723011116363932,0.000309330065130231,-0.05453262929107134,0.0,0.033019762593211155
team_offense,pass_success_rate,4,baseline_prior,2351,0.06021049168230327,0.048377857149974925,0.0018014963439380368,0.27034481959340295,-0.0341472982754667,0.0
team_offense,pass_success_rate,4,baseline_raw_t3,2351,0.06763953730951308,0.05413294011543717,0.0040620884072342335,0.37021216108369737,-0.16174511801561442,-0.12338457002491676
team_offense,pass_success_rate,4,raw_feature,2351,0.057022127722973166,0.04565168300672304,0.00682410793168278,0.4491118440190361,0.020614552729799285,0.05295362768590728
team_offense,pass_success_rate,4,shrunk_feature,2351,0.05197988001104852,0.04181993632321772,0.003713069104309798,0.43669137937626157,0.10721784565814985,0.13669730044197337
team_offense,pass_success_rate,4,oppadj_raw,2342,0.05449257019086771,0.04400030386259953,0.001378660610424653,0.3294301730005217,0.06452101045845116,0.09612938350864819
team_offense,pass_success_rate,4,oppadj_shrunk,2342,0.054825092375285114,0.044295331000179364,0.0010657703984609578,0.2934517810604214,0.058812571381538614,0.09061382366675286
team_offense,proe,2,baseline_league,2732,0.06470331926999359,0.050563111825616944,0.004067774596793543,0.00710048297900941,0.0,0.010587112643283714
team_offense,proe,2,baseline_prior,2732,0.06539567060102977,0.05138928691968017,0.003208389852865448,0.2749984809155898,-0.010700398972534053,0.0
team_offense,proe,2,baseline_raw_t3,2732,0.06348243338072744,0.050273913738204286,0.0005679454536156087,0.4324925682238267,0.018868983895117486,0.029256328480439242
team_offense,proe,2,raw_feature,2732,0.0575358139829409,0.04533588392530903,0.002534535439617506,0.4607707035804319,0.11077492419120216,0.12018925023402238
team_offense,proe,2,shrunk_feature,2732,0.056596637437752305,0.044321185193037425,0.002967227904902867,0.45743269254071744,0.12529004576123492,0.13455069857696222
team_offense,proe,2,oppadj_raw,2721,0.05921058988123708,0.04618828356671186,0.004113271090584908,0.3659569474458238,0.08591762602570474,0.09547428831187343
team_offense,proe,2,oppadj_shrunk,2721,0.059909763003576526,0.04674958573997874,0.00409496398623218,0.35938475431730443,0.07512391786017292,0.08479342755122588
team_offense,proe,4,baseline_league,2351,0.055760710155741904,0.04382217746134157,0.0034894257272378433,0.013447859790449572,0.0,0.007886042953134886
team_offense,proe,4,baseline_prior,2351,0.056203936815605045,0.04481875863075249,0.003232568824500418,0.3281407418393297,-0.007948726955327334,0.0
team_offense,proe,4,baseline_raw_t3,2351,0.05630851990186658,0.04473335563743772,0.0014296527704785995,0.46822565687903983,-0.009824296437305424,-0.0018607786604816212
team_offense,proe,4,raw_feature,2351,0.04815639810150526,0.03805155405032562,0.002820038579592845,0.5187195829307768,0.13637401735016463,0.14318460894478457
team_offense,proe,4,shrunk_feature,2351,0.046699017895931304,0.036971469195249365,0.003065137649209483,0.5135651074098789,0.16251034526821717,0.16911482465823813
team_offense,proe,4,oppadj_raw,2342,0.04918454759970408,0.03888105323154829,0.00405624807241251,0.42449753908530535,0.11883133113645927,0.12562722054154662
team_offense,proe,4,oppadj_shrunk,2342,0.05008213092748185,0.03956531004419648,0.003907107525518082,0.41560285007160824,0.10275062398898105,0.10967053358587886
team_offense,rush_epa_per_play,2,baseline_league,2732,0.15813366145031102,0.12443729715671836,-0.0018240974275258385,-0.021734301118064896,0.0,0.03206634468230152
team_offense,rush_epa_per_play,2,baseline_prior,2732,0.16337241770812055,0.12799297365426482,0.0021746501298801216,0.1481650708807025,-0.03312865970320722,0.0
team_offense,rush_epa_per_play,2,baseline_raw_t3,2732,0.18936473146239527,0.1488688023117301,0.0024662349617627618,0.16325800375199329,-0.1974979250189417,-0.15909854379894361
team_offense,rush_epa_per_play,2,raw_feature,2732,0.16403480547988478,0.12880541084330566,0.0031391638795213125,0.1898699162645505,-0.03731744383486646,-0.004054465135893581
team_offense,rush_epa_per_play,2,shrunk_feature,2732,0.15443064910125823,0.1206994056021274,0.00043625916970674343,0.1935281830709474,0.023416977227308178,0.054732425046421174
team_offense,rush_epa_per_play,2,oppadj_raw,2721,0.15465559491966507,0.12092283497995468,-0.0016312053567609647,0.18956223687780074,0.022771451497913264,0.05429394728387926
team_offense,rush_epa_per_play,2,oppadj_shrunk,2721,0.15607931861950355,0.12244328808086657,-0.0017996469427090142,0.13452596355851507,0.013775311103613963,0.04558799570784977
team_offense,rush_epa_per_play,4,baseline_league,2351,0.12194376981829827,0.09658357242303212,-0.007774747300375825,-0.0161189573343297,0.0,0.04405994861979334
team_offense,rush_epa_per_play,4,baseline_prior,2351,0.12756424384796228,0.1015097507125227,-0.0035525227077328725,0.19619913311895254,-0.046090702608577505,0.0
team_offense,rush_epa_per_play,4,baseline_raw_t3,2351,0.16105688400217164,0.12664367274699384,-0.0030504763938465087,0.19715187945817347,-0.3207471299448399,-0.26255507925973065
team_offense,rush_epa_per_play,4,raw_feature,2351,0.12969681481349135,0.10309911020574278,-0.001960240427160791,0.2400391431810966,-0.06357885283311693,-0.016717623224191014
team_offense,rush_epa_per_play,4,shrunk_feature,2351,0.11701641540905207,0.09209498917655305,-0.005178948192994728,0.2435113022737897,0.04040677450425045,0.08268640271549499
team_offense,rush_epa_per_play,4,oppadj_raw,2342,0.11679665739077055,0.09266971883425261,-0.00715976314323964,0.2511103168343907,0.0432901659384084,0.08564887057274162
team_offense,rush_epa_per_play,4,oppadj_shrunk,2342,0.1191625389468544,0.09423944223852836,-0.007556598797219934,0.17630135780744,0.023910654559436195,0.06712739469129803
team_offense,rush_success_rate,2,baseline_league,2732,0.08138084247794668,0.06461698639330395,-0.002421124998267282,0.01899334690844038,0.0,0.017402846527720617
team_offense,rush_success_rate,2,baseline_prior,2732,0.08282218423935477,0.06543797572628572,0.0017044503534753774,0.20036242367733315,-0.017711069552993175,0.0
team_offense,rush_success_rate,2,baseline_raw_t3,2732,0.095659859343317,0.07576164680586857,0.0017449651241225575,0.17989262376423512,-0.1754591919989006,-0.1550028560809451
team_offense,rush_success_rate,2,raw_feature,2732,0.08307673615265831,0.06600737277780028,0.003369352280998743,0.22580556232830923,-0.02083897908984178,-0.003073475007226323
team_offense,rush_success_rate,2,shrunk_feature,2732,0.07856481610547579,0.062429120565232046,0.0000579015207713028,0.22869092673134087,0.034603062425091036,0.0514037171680386
team_offense,rush_success_rate,2,oppadj_raw,2721,0.07898155544134589,0.06239375221559828,-0.0022145878562239763,0.2133756408486548,0.03065021609932017,0.04736693807503356
team_offense,rush_success_rate,2,oppadj_shrunk,2721,0.07986667511799858,0.0632379027739923,-0.0023047838829891587,0.15433633854602416,0.019787039722315214,0.03669110036801504
team_offense,rush_success_rate,4,baseline_league,2351,0.06309315634578028,0.05025811836057168,-0.005530482324104277,0.016562442456190055,0.0,0.016457008539729978
team_offense,rush_success_rate,4,baseline_prior,2351,0.06414885459364174,0.05068081711447761,-0.0010686440923325516,0.26975830630178715,-0.01673237335085509,0.0
team_offense,rush_success_rate,4,baseline_raw_t3,2351,0.08059350942584736,0.06377833103027326,-0.002053758432001666,0.239196127404327,-0.2773732381394409,-0.2563514958509576
team_offense,rush_success_rate,4,raw_feature,2351,0.06561578283253612,0.05200248785340338,0.0007216795382619395,0.2865732202905869,-0.03998256915426235,-0.02286756713252025
team_offense,rush_success_rate,4,shrunk_feature,2351,0.059396987982027846,0.047335588026651186,-0.0029220352639188155,0.28925455636158187,0.058582714478503606,0.07407562678578028
team_offense,rush_success_rate,4,oppadj_raw,2342,0.05976426563080429,0.047367313236855946,-0.0050227937868019355,0.2793588156784098,0.05429178052606898,0.06964847751347492
team_offense,rush_success_rate,4,oppadj_shrunk,2342,0.06108230646723881,0.04860967197015713,-0.005253723943220007,0.196963702551301,0.033435135849488984,0.049130509360876484
team_offense,success_rate,2,baseline_league,2732,0.056262804304010365,0.045493656790608704,-0.0004465039179848847,-0.08138594366244756,0.0,0.0279463488898688
team_offense,success_rate,2,baseline_prior,2732,0.05788034872329895,0.04643408599305419,0.0014542268000982878,0.21249297231649278,-0.028749800855079055,0.0
team_offense,success_rate,2,baseline_raw_t3,2732,0.059395251529058994,0.04759922880379029,0.001913876124102356,0.3407018563262985,-0.05567527718886467,-0.0261730075781359
team_offense,success_rate,2,raw_feature,2732,0.0531571638291132,0.042435927838995226,0.0041235264381286225,0.38996610345416177,0.05519882119839159,0.08160256457274062
team_offense,success_rate,2,shrunk_feature,2732,0.05124999745116613,0.041221471767671714,0.0023296688630799946,0.3818625213110905,0.0890962851008642,0.11455271812251289
team_offense,success_rate,2,oppadj_raw,2721,0.053644579948395034,0.04290377174429864,-0.0000803868715123403,0.27247253059874077,0.04782556233470625,0.07457742185335592
team_offense,success_rate,2,oppadj_shrunk,2721,0.05369054040761105,0.04316257276959269,-0.00015695475536446564,0.24126899148588066,0.04700977862550482,0.0737845580318588
team_offense,success_rate,4,baseline_league,2351,0.045675913676441006,0.037094584655256196,-0.0015833592028465739,-0.09759648198039544,0.0,0.0344879127351817
team_offense,success_rate,4,baseline_prior,2351,0.04730744884389327,0.03810869270072529,0.0007266451534611836,0.2739677815613426,-0.03571981458345275,0.0
team_offense,success_rate,4,baseline_raw_t3,2351,0.04990667602567224,0.03989431098491308,0.001822321712910414,0.4116775891782453,-0.09262567530013976,-0.054943296358169524
team_offense,success_rate,4,raw_feature,2351,0.04237300515982657,0.03371561277985355,0.004110244055773925,0.480724765267429,0.07231182149987359,0.10430585044544571
team_offense,success_rate,4,shrunk_feature,2351,0.039583235921608506,0.03193340850549428,0.0019090858196556468,0.4682906969678557,0.13338929130113975,0.16327688579811994
team_offense,success_rate,4,oppadj_raw,2342,0.04241999039939026,0.03407274280521518,-0.0007642311255216393,0.33905521155751245,0.07271007702883325,0.10484667457235808
team_offense,success_rate,4,oppadj_shrunk,2342,0.04245736919905735,0.03428056612153784,-0.0009760721023956702,0.29921867234331606,0.07189298622004925,0.10405790124856762
wr,adot,2,baseline_league,13728,5.623480703921694,4.502147803157036,0.16772050185202844,0.01462773588383611,0.0,-0.5701859496870267
wr,adot,2,baseline_prior,9544,3.461392723991809,2.6281985469855043,0.13015058678541136,0.7481887955591425,0.36313275494579333,0.0
wr,adot,2,baseline_raw_t3,13721,4.021696129528894,3.0067451273381263,0.04192986209487379,0.7397721014391117,0.2847973483510574,-0.1333742759792873
wr,adot,2,raw_feature,13728,3.5144244723886793,2.6279604929684077,0.014975836067842587,0.7827636401270989,0.3750446285095643,0.013238125502192721
wr,adot,2,shrunk_feature,13728,3.4595896424440116,2.61108343459027,0.03226376428213541,0.7827985973496715,0.38479567645153145,0.02734943639651688
wr,adot,2,oppadj_raw,13689,3.6551968625190105,2.8697864868117766,1.1155889430528,0.7774029011049829,0.35015070663110015,-0.00026321045359467554
wr,adot,2,oppadj_shrunk,13689,3.6881550029633874,2.9184943779906947,1.000212131112052,0.7762258293206383,0.3442911523898079,-0.004734999067667056
wr,adot,4,baseline_league,10029,5.049773806900441,4.063791355268577,-0.03156304224835542,0.01353062951117041,0.0,-0.7962247428840157
wr,adot,4,baseline_prior,7339,2.7308775925480298,2.078535390925383,0.12279944163436,0.7925224941865601,0.4432767926387644,0.0
wr,adot,4,baseline_raw_t3,10022,3.3260388922540414,2.4895348023556183,0.05321457829013915,0.7799476287643384,0.34140218061314087,-0.1832503656088038
wr,adot,4,raw_feature,10029,2.7993761531263033,2.0968999882081345,0.011858408627605198,0.8241082566020534,0.4456432584562505,0.00853025744477498
wr,adot,4,shrunk_feature,10029,2.711001774355533,2.057520801699253,0.008699244471889462,0.8241120473746364,0.4631439193076352,0.0373700992942988
wr,adot,4,oppadj_raw,10002,2.9177661708926017,2.3020363541583104,1.102424647868877,0.8185527838020011,0.4222778015267913,-0.00043561948471149137
wr,adot,4,oppadj_shrunk,10002,2.9433010801471218,2.3438890306819604,0.9579885718669804,0.817009775412775,0.417221850141961,-0.0029890766475211272
wr,catch_rate,2,baseline_league,13728,0.17675494568527023,0.14085052540163773,-0.008595644205409377,0.02952706484137678,0.0,-0.02777556054899888
wr,catch_rate,2,baseline_prior,9544,0.16620657845423015,0.13079884318619092,-0.00034514081784201445,0.31447275113974227,0.02702492802432699,0.0
wr,catch_rate,2,baseline_raw_t3,13721,0.2058405245695263,0.16138473296135603,0.003704365024856665,0.23843834727954125,-0.16438019900585443,-0.19198066928009228
wr,catch_rate,2,raw_feature,13728,0.17951559486955948,0.1404060536139228,0.009361347758223813,0.30575556171079765,-0.015618511683429093,-0.04258159114676552
wr,catch_rate,2,shrunk_feature,13728,0.1682992710358882,0.1327079133099007,0.0002922564884746913,0.3106694669847038,0.047838404841232474,0.018923741985236386
wr,catch_rate,2,oppadj_raw,13689,0.16729392268706675,0.13178888635735958,-0.0019692712428327833,0.3292716330131685,0.053308727635750564,0.03351595644174166
wr,catch_rate,2,oppadj_shrunk,13689,0.16920416130348725,0.1341669238266929,-0.005053164095874422,0.31720017147324375,0.042498973179330934,0.01982455849640774
wr,catch_rate,4,baseline_league,10029,0.13094418068874353,0.10476598546488036,-0.007464888132257834,0.03876852033063954,0.0,-0.038780586763064395
wr,catch_rate,4,baseline_prior,7339,0.12206172015072167,0.09623694325064337,-0.00010841366635661344,0.4027248969747323,0.03733279891560948,0.0
wr,catch_rate,4,baseline_raw_t3,10022,0.16663005860973892,0.13080420160213052,0.006680276496805663,0.30164206243833247,-0.272271185657029,-0.31848883929405103
wr,catch_rate,4,raw_feature,10029,0.13696375325356266,0.10768373080286262,0.011509396813283924,0.38284856240414905,-0.04597052372359922,-0.08651365749513196
wr,catch_rate,4,shrunk_feature,10029,0.1208038442719058,0.09592762075110886,0.0015840378387580432,0.3867492817149823,0.07744014559105517,0.03766036298703901
wr,catch_rate,4,oppadj_raw,10002,0.11945530707759036,0.09443854284065338,-0.001453965742356061,0.418791743954023,0.08764156238139376,0.06675268307131577
wr,catch_rate,4,oppadj_shrunk,10002,0.12177391333665365,0.09717952885638019,-0.0043734342532617005,0.4018193436452741,0.06993284741741412,0.0415466255483431
wr,explosive_rec_rate,2,baseline_league,13728,0.10437587889749965,0.08413986084975177,-0.002412884231072381,-0.00959763491595985,0.0,0.013955829747297699
wr,explosive_rec_rate,2,baseline_prior,9544,0.10448321805603741,0.08130217297638732,0.00047765649876918673,0.21963262511074022,-0.01415335151134367,0.0
wr,explosive_rec_rate,2,baseline_raw_t3,13721,0.1288360904106328,0.09308164016278411,0.0018094268127400621,0.17224388224422602,-0.23429390280324913,-0.19947139489808907
wr,explosive_rec_rate,2,raw_feature,13728,0.11073132893396584,0.08433115147939152,0.00200295487876322,0.21866426721491816,-0.060890026542506526,-0.03361810018871103
wr,explosive_rec_rate,2,shrunk_feature,13728,0.10206896788988572,0.08189458944868469,-0.00079199955475019,0.22107082051051366,0.02210195527914438,0.03741855883484069
wr,explosive_rec_rate,2,oppadj_raw,13689,0.10172608697218878,0.08197033991193538,0.004144588734927785,0.24072999330705672,0.025417455213781137,0.04499766446233322
wr,explosive_rec_rate,2,oppadj_shrunk,13689,0.10291794776401597,0.08302078557489377,-0.00012312605362561945,0.22913070390084112,0.013998882474937635,0.030319554424491413
wr,explosive_rec_rate,4,baseline_league,10029,0.07544759791548908,0.059406374547692625,-0.00487504188865847,-0.04891278098557371,0.0,0.026696662844395536
wr,explosive_rec_rate,4,baseline_prior,7339,0.07668551255944216,0.05971931482974459,0.000057570860092045456,0.2912736079614944,-0.027428923569104535,0.0
wr,explosive_rec_rate,4,baseline_raw_t3,10022,0.10743836480896746,0.08030751194813604,0.0028212511791441235,0.1973890183607072,-0.4235819795427871,-0.37326123592548743
wr,explosive_rec_rate,4,raw_feature,10029,0.08583932150034204,0.06540124969234017,0.0023482531706910253,0.2860034204725809,-0.13773431987182705,-0.08396811788128455
wr,explosive_rec_rate,4,shrunk_feature,10029,0.07271768099271156,0.05700405960021229,-0.002349230996655517,0.29093011283384235,0.03618295344320144,0.06584990684919101
wr,explosive_rec_rate,4,oppadj_raw,10002,0.07190835965515008,0.05665894290638424,0.0029214113978253743,0.31898750400105996,0.047091469626735716,0.08348076576922514
wr,explosive_rec_rate,4,oppadj_shrunk,10002,0.07355644451310885,0.0579272010199691,-0.0022756593280869523,0.3012299394372369,0.025251531579762898,0.055917222237917064
wr,target_success_rate,2,baseline_league,13728,0.1815621702517788,0.1432708623514025,-0.00195659215184847,-0.031521366208339244,0.0,0.013748234103558965
wr,target_success_rate,2,baseline_prior,9544,0.17783647427110186,0.1410114992504324,0.0023508562577284255,0.18209929341644646,-0.013939882876724319,0.0
wr,target_success_rate,2,baseline_raw_t3,13721,0.22515663483001142,0.1768315068836788,0.006525584870472853,0.12164510389170614,-0.24021019656153553,-0.2131295168211078
wr,target_success_rate,2,raw_feature,13728,0.19599222214494655,0.15459503220928383,0.010968218742317437,0.15299119920105383,-0.07947719435803768,-0.05400480262867435
wr,target_success_rate,2,shrunk_feature,13728,0.17925121079374765,0.14185154566909183,0.002527789372008083,0.14937423295419797,0.012728199133258067,0.031098844593749675
wr,target_success_rate,2,oppadj_raw,13689,0.1786778033053117,0.14139379188132592,0.011133714512176991,0.17739375943985716,0.0156626964030796,0.037293052538609484
wr,target_success_rate,2,oppadj_shrunk,13689,0.17971088883075284,0.14198439811036592,0.0027591560865976965,0.144080422024227,0.009971420812679987,0.027077749370209014
wr,target_success_rate,4,baseline_league,10029,0.12887102528552105,0.10249297168580114,-0.007544687566884153,-0.03441519836457124,0.0,0.025149556188037048
wr,target_success_rate,4,baseline_prior,7339,0.12999587051903075,0.10307968083585967,0.0009418828949088613,0.24507625293938118,-0.025798373840498767,0.0
wr,target_success_rate,4,baseline_raw_t3,10022,0.18288428876007445,0.14335040201038957,0.008196489637083573,0.1544135237998923,-0.419644903264373,-0.3601416933213073
wr,target_success_rate,4,raw_feature,10029,0.1496471556669086,0.11747689182316498,0.01112265570773763,0.20389174941932844,-0.1612164591331282,-0.10840021492219587
wr,target_success_rate,4,shrunk_feature,10029,0.1256634332543469,0.09953911945593187,-0.001311613198626126,0.201137349297457,0.02488993956607044,0.05779762570117364
wr,target_success_rate,4,oppadj_raw,10002,0.12470307155217439,0.09894146733322048,0.007426112679367047,0.24074645064006187,0.03217097876214159,0.07044772450121439
wr,target_success_rate,4,oppadj_shrunk,10002,0.12632678558653473,0.10029074594628423,-0.002444411914200612,0.1898255928083608,0.01956922368838898,0.04962377628936887
wr,yards_per_reception,2,baseline_league,13699,5.066362607930613,3.792533876588737,0.09146966720838999,0.003007642541057641,0.0,-0.07654528555783946
wr,yards_per_reception,2,baseline_prior,9531,4.550526517747765,3.3679130018129975,0.16066685130114508,0.448511750202299,0.07110270843662236,0.0
wr,yards_per_reception,2,baseline_raw_t3,13683,5.61089464963191,4.090074635451791,0.11088322646264409,0.3613219462523796,-0.10974839298709727,-0.17612251084009634
wr,yards_per_reception,2,raw_feature,13699,4.8475921184876265,3.5432427023938997,0.09579647121769447,0.45106624454405925,0.043180977433501355,-0.016146470608151553
wr,yards_per_reception,2,shrunk_feature,13699,4.645897341966185,3.4168698822962735,0.10333442740739665,0.4470454032978712,0.08299154610573167,0.020084606076700262
wr,yards_per_reception,2,oppadj_raw,13660,4.644992931800657,3.491333848592682,0.742614968121614,0.47027461190747316,0.08375299232509081,0.024865740283241178
wr,yards_per_reception,2,oppadj_shrunk,13660,4.709103471661581,3.527059470242499,0.47645007448720583,0.4625265786132024,0.07110688259565734,0.011341805281510187
wr,yards_per_reception,4,baseline_league,10029,3.879011665521546,2.9481533292181714,-0.07613455474566354,-0.004492356456167713,0.0,-0.1270944492598165
wr,yards_per_reception,4,baseline_prior,7339,3.2944692406739158,2.500276767155231,0.1545012775054151,0.550725535657135,0.11276290939351341,0.0
wr,yards_per_reception,4,baseline_raw_t3,10016,4.564674740457401,3.35554382166148,0.11622692214194626,0.44794175358991595,-0.1770106401089404,-0.3204312668554612
wr,yards_per_reception,4,raw_feature,10029,3.689437466019223,2.716173060871513,0.08403893644923069,0.5475748104494479,0.04887177865107917,-0.03735730554575856
wr,yards_per_reception,4,shrunk_feature,10029,3.377197308391763,2.5120006227796883,0.028386598946544408,0.5397407131943386,0.12936655014217713,0.038150886221384406
wr,yards_per_reception,4,oppadj_raw,10002,3.347962452373423,2.5381918474860328,0.6849680313656266,0.5744188468243857,0.1373096662451041,0.054063605459098496
wr,yards_per_reception,4,oppadj_shrunk,10002,3.4269664040928993,2.58947747643983,0.3627457047314233,0.5642090316446344,0.11695222602694577,0.02895628179522136
wr,yards_per_target,2,baseline_league,13728,3.4444277217874926,2.6577235180373266,-0.021002269204605788,-0.02666361678977173,0.0,0.010316422610060383
wr,yards_per_target,2,baseline_prior,9544,3.3989713594004063,2.6103183384292756,0.11576610389308556,0.23421142854205548,-0.010423960592806258,0.0
wr,yards_per_target,2,baseline_raw_t3,13721,4.2328520688014875,3.217523464242472,0.12701451670209116,0.17125293431706354,-0.22878588593317772,-0.19972854751246505
wr,yards_per_target,2,raw_feature,13728,3.6494853072316706,2.7916181472969464,0.18388447574422043,0.2305978811776002,-0.059533136418308485,-0.034366291839498464
wr,yards_per_target,2,shrunk_feature,13728,3.3654217432861246,2.5899878645965444,0.05265736139432462,0.22953107164053005,0.022937330924850285,0.03717969204317084
wr,yards_per_target,2,oppadj_raw,13689,3.358933980093767,2.6044295600983625,0.29187314275362447,0.25506287413817386,0.024933009111038018,0.04340901619613402
wr,yards_per_target,2,oppadj_shrunk,13689,3.3935332109296987,2.621683066466538,0.0884284448555644,0.23610738778219345,0.014889177318511138,0.028869734799149116
wr,yards_per_target,4,baseline_league,10029,2.4737660365943657,1.9399443912243701,-0.1296974778139425,-0.05112084891334046,0.0,0.02261737955228671
wr,yards_per_target,4,baseline_prior,7339,2.5026650667590102,1.9386575546117142,0.09643271385993386,0.3030790648501272,-0.02314076297154366,0.0
wr,yards_per_target,4,baseline_raw_t3,10022,3.476511064917203,2.6531494314456703,0.15787031876086555,0.21766293925677033,-0.40499508667101813,-0.35477424433401716
wr,yards_per_target,4,raw_feature,10029,2.812612837456511,2.152746297946093,0.19701767776385898,0.2941907026985153,-0.13697609064462535,-0.08120177628541403
wr,yards_per_target,4,shrunk_feature,10029,2.377198583033967,1.8597295065233321,-0.017136616049360374,0.29081053919902516,0.03903661548096249,0.06792739313203255
wr,yards_per_target,4,oppadj_raw,10002,2.356978472155123,1.8533597154344272,0.23013449126696336,0.32543226723415747,0.04723186271242852,0.08370569577918308
wr,yards_per_target,4,oppadj_shrunk,10002,2.4050610030613795,1.887471464793635,-0.00976742678190205,0.29660221018786453,0.027795323962145346,0.05591662924301877
