family,metric,shrinkage_status,shrinkage_evidence,opponent_adjustment_status,opponent_adjustment_evidence,combined
ngs_passing,ngs_passing.avg_time_to_throw,INSUFFICIENT_DATA,season-to-season: skill_shrunk_vs_prior=0.118[0.07428033542932744] n=213,NOT_APPLICABLE,style trait; not in the per-game pipeline,NEITHER
ngs_receiving,ngs_receiving.avg_separation,SHRINKAGE_ADDS_VALUE,season-to-season: skill_shrunk_vs_prior=0.131[0.08529770244933307] n=632,NOT_APPLICABLE,style trait; not in the per-game pipeline,SHRINKAGE_ONLY
pass_protection,pass_protection.qb_hit_rate_allowed,SHRINKAGE_ADDS_VALUE,H2: skill_vs_ref=0.046[0.028] n=2732 | H4: skill_vs_ref=0.089[0.057] n=2350,NO_INCREMENTAL_VALUE,H2: skill_vs_ref=-0.051[-0.072] n=2721 | H4: skill_vs_ref=-0.079[-0.114] n=2341,SHRINKAGE_ONLY
pass_protection,pass_protection.rush_stuffed_rate_approx,SHRINKAGE_ADDS_VALUE,H2: skill_vs_ref=0.060[0.045] n=2732 | H4: skill_vs_ref=0.103[0.074] n=2350,NO_INCREMENTAL_VALUE,H2: skill_vs_ref=-0.015[-0.026] n=2721 | H4: skill_vs_ref=-0.022[-0.040] n=2341,SHRINKAGE_ONLY
pass_protection,pass_protection.sack_rate_allowed,SHRINKAGE_ADDS_VALUE,H2: skill_vs_ref=0.053[0.037] n=2732 | H4: skill_vs_ref=0.098[0.067] n=2350,NO_INCREMENTAL_VALUE,H2: skill_vs_ref=-0.030[-0.051] n=2721 | H4: skill_vs_ref=-0.055[-0.093] n=2341,SHRINKAGE_ONLY
pass_rush,pass_rush.qb_hit_rate_generated,SHRINKAGE_ADDS_VALUE,H2: skill_vs_ref=0.064[0.051] n=2732 | H4: skill_vs_ref=0.117[0.093] n=2350,NO_INCREMENTAL_VALUE,H2: skill_vs_ref=-0.016[-0.028] n=2721 | H4: skill_vs_ref=-0.029[-0.049] n=2341,SHRINKAGE_ONLY
qb,qb.adot,SHRINKAGE_ADDS_VALUE,H2: skill_vs_ref=0.072[0.055] n=2431 | H4: skill_vs_ref=0.106[0.074] n=1890,NO_INCREMENTAL_VALUE,H2: skill_vs_ref=-0.011[-0.029] n=2420 | H4: skill_vs_ref=-0.015[-0.045] n=1881,SHRINKAGE_ONLY
qb,qb.completion_pct,SHRINKAGE_ADDS_VALUE,H2: skill_vs_ref=0.081[0.063] n=2431 | H4: skill_vs_ref=0.144[0.114] n=1890,NO_INCREMENTAL_VALUE,H2: skill_vs_ref=-0.005[-0.024] n=2420 | H4: skill_vs_ref=-0.004[-0.037] n=1881,SHRINKAGE_ONLY
qb,qb.cpoe,SHRINKAGE_ADDS_VALUE,H2: skill_vs_ref=0.086[0.066] n=2431 | H4: skill_vs_ref=0.155[0.123] n=1890,NO_INCREMENTAL_VALUE,H2: skill_vs_ref=-0.011[-0.028] n=2420 | H4: skill_vs_ref=-0.013[-0.045] n=1881,SHRINKAGE_ONLY
qb,qb.cpoe_coverage_fraction,SHRINKAGE_ADDS_VALUE,H2: skill_vs_ref=0.046[0.033] n=2431 | H4: skill_vs_ref=0.069[0.043] n=1890,NO_INCREMENTAL_VALUE,H2: skill_vs_ref=-0.043[-0.067] n=2420 | H4: skill_vs_ref=-0.062[-0.108] n=1881,SHRINKAGE_ONLY
qb,qb.dropback_success_rate,SHRINKAGE_ADDS_VALUE,H2: skill_vs_ref=0.063[0.043] n=2431 | H4: skill_vs_ref=0.113[0.079] n=1890,NO_INCREMENTAL_VALUE,H2: skill_vs_ref=-0.043[-0.062] n=2420 | H4: skill_vs_ref=-0.071[-0.106] n=1881,SHRINKAGE_ONLY
qb,qb.epa_per_dropback,SHRINKAGE_ADDS_VALUE,H2: skill_vs_ref=0.075[0.055] n=2431 | H4: skill_vs_ref=0.132[0.098] n=1890,NO_INCREMENTAL_VALUE,H2: skill_vs_ref=-0.029[-0.045] n=2420 | H4: skill_vs_ref=-0.049[-0.079] n=1881,SHRINKAGE_ONLY
qb,qb.explosive_pass_rate,SHRINKAGE_ADDS_VALUE,H2: skill_vs_ref=0.082[0.061] n=2431 | H4: skill_vs_ref=0.132[0.095] n=1890,NO_INCREMENTAL_VALUE,H2: skill_vs_ref=-0.013[-0.023] n=2420 | H4: skill_vs_ref=-0.023[-0.042] n=1881,SHRINKAGE_ONLY
qb,qb.sack_rate,SHRINKAGE_ADDS_VALUE,H2: skill_vs_ref=0.066[0.048] n=2431 | H4: skill_vs_ref=0.112[0.080] n=1890,NO_INCREMENTAL_VALUE,H2: skill_vs_ref=-0.032[-0.050] n=2420 | H4: skill_vs_ref=-0.055[-0.090] n=1881,SHRINKAGE_ONLY
qb,qb.yards_per_attempt,SHRINKAGE_ADDS_VALUE,H2: skill_vs_ref=0.072[0.049] n=2431 | H4: skill_vs_ref=0.129[0.087] n=1890,NO_INCREMENTAL_VALUE,H2: skill_vs_ref=-0.024[-0.039] n=2420 | H4: skill_vs_ref=-0.043[-0.068] n=1881,SHRINKAGE_ONLY
rb,rb.fumble_lost_rate,SHRINKAGE_ADDS_VALUE,H2: skill_vs_ref=0.145[0.100] n=4374 | H4: skill_vs_ref=0.248[0.190] n=3095,NO_INCREMENTAL_VALUE,H2: skill_vs_ref=0.005[-0.021] n=4353 | H4: skill_vs_ref=0.017[-0.022] n=3081,SHRINKAGE_ONLY
rb,rb.rush_epa_per_att,SHRINKAGE_ADDS_VALUE,H2: skill_vs_ref=0.086[0.061] n=4374 | H4: skill_vs_ref=0.166[0.127] n=3095,NO_INCREMENTAL_VALUE,H2: skill_vs_ref=-0.010[-0.019] n=4353 | H4: skill_vs_ref=-0.014[-0.029] n=3081,SHRINKAGE_ONLY
rb,rb.rush_success_rate,SHRINKAGE_ADDS_VALUE,H2: skill_vs_ref=0.068[0.044] n=4374 | H4: skill_vs_ref=0.134[0.098] n=3095,NO_INCREMENTAL_VALUE,H2: skill_vs_ref=-0.022[-0.033] n=4353 | H4: skill_vs_ref=-0.039[-0.059] n=3081,SHRINKAGE_ONLY
rb,rb.yards_per_carry,SHRINKAGE_ADDS_VALUE,H2: skill_vs_ref=0.121[0.096] n=4374 | H4: skill_vs_ref=0.211[0.171] n=3095,NO_INCREMENTAL_VALUE,H2: skill_vs_ref=0.004[-0.005] n=4353 | H4: skill_vs_ref=0.011[-0.004] n=3081,SHRINKAGE_ONLY
special_teams,special_teams.st_epa_per_play,SHRINKAGE_ADDS_VALUE,H2: skill_vs_ref=0.056[0.037] n=2731 | H4: skill_vs_ref=0.094[0.059] n=2350,NOT_APPLICABLE,not in the per-game pipeline,SHRINKAGE_ONLY
team_defense,team_defense.early_down_epa_per_play,SHRINKAGE_ADDS_VALUE,H2: skill_vs_ref=0.064[0.047] n=2732 | H4: skill_vs_ref=0.123[0.091] n=2351,NO_INCREMENTAL_VALUE,H2: skill_vs_ref=-0.022[-0.035] n=2721 | H4: skill_vs_ref=-0.034[-0.054] n=2342,SHRINKAGE_ONLY
team_defense,team_defense.epa_per_play,SHRINKAGE_ADDS_VALUE,H2: skill_vs_ref=0.061[0.046] n=2732 | H4: skill_vs_ref=0.125[0.095] n=2351,NO_INCREMENTAL_VALUE,H2: skill_vs_ref=-0.021[-0.031] n=2721 | H4: skill_vs_ref=-0.030[-0.048] n=2342,SHRINKAGE_ONLY
team_defense,team_defense.explosive_rush_rate,SHRINKAGE_ADDS_VALUE,H2: skill_vs_ref=0.076[0.060] n=2732 | H4: skill_vs_ref=0.142[0.114] n=2351,NO_INCREMENTAL_VALUE,H2: skill_vs_ref=-0.007[-0.018] n=2721 | H4: skill_vs_ref=-0.012[-0.031] n=2342,SHRINKAGE_ONLY
team_defense,team_defense.pass_epa_per_dropback,SHRINKAGE_ADDS_VALUE,H2: skill_vs_ref=0.071[0.057] n=2732 | H4: skill_vs_ref=0.138[0.113] n=2351,NO_INCREMENTAL_VALUE,H2: skill_vs_ref=-0.014[-0.025] n=2721 | H4: skill_vs_ref=-0.019[-0.037] n=2342,SHRINKAGE_ONLY
team_defense,team_defense.pass_success_rate,SHRINKAGE_ADDS_VALUE,H2: skill_vs_ref=0.065[0.050] n=2732 | H4: skill_vs_ref=0.128[0.100] n=2351,NO_INCREMENTAL_VALUE,H2: skill_vs_ref=-0.019[-0.030] n=2721 | H4: skill_vs_ref=-0.027[-0.048] n=2342,SHRINKAGE_ONLY
team_defense,team_defense.rush_success_rate,SHRINKAGE_ADDS_VALUE,H2: skill_vs_ref=0.076[0.062] n=2732 | H4: skill_vs_ref=0.144[0.119] n=2351,NO_INCREMENTAL_VALUE,H2: skill_vs_ref=-0.011[-0.021] n=2721 | H4: skill_vs_ref=-0.014[-0.032] n=2342,SHRINKAGE_ONLY
team_defense,team_defense.success_rate,SHRINKAGE_ADDS_VALUE,H2: skill_vs_ref=0.060[0.042] n=2732 | H4: skill_vs_ref=0.120[0.090] n=2351,NO_INCREMENTAL_VALUE,H2: skill_vs_ref=-0.022[-0.035] n=2721 | H4: skill_vs_ref=-0.030[-0.051] n=2342,SHRINKAGE_ONLY
team_offense,team_offense.early_down_epa_per_play,SHRINKAGE_ADDS_VALUE,H2: skill_vs_ref=0.052[0.036] n=2732 | H4: skill_vs_ref=0.090[0.059] n=2351,NO_INCREMENTAL_VALUE,H2: skill_vs_ref=-0.026[-0.044] n=2721 | H4: skill_vs_ref=-0.044[-0.073] n=2342,SHRINKAGE_ONLY
team_offense,team_offense.epa_per_play,SHRINKAGE_ADDS_VALUE,H2: skill_vs_ref=0.036[0.020] n=2732 | H4: skill_vs_ref=0.065[0.032] n=2351,NO_INCREMENTAL_VALUE,H2: skill_vs_ref=-0.042[-0.063] n=2721 | H4: skill_vs_ref=-0.070[-0.107] n=2342,SHRINKAGE_ONLY
team_offense,team_offense.explosive_pass_rate,SHRINKAGE_ADDS_VALUE,H2: skill_vs_ref=0.052[0.039] n=2732 | H4: skill_vs_ref=0.093[0.065] n=2351,NO_INCREMENTAL_VALUE,H2: skill_vs_ref=-0.014[-0.022] n=2721 | H4: skill_vs_ref=-0.025[-0.042] n=2342,SHRINKAGE_ONLY
team_offense,team_offense.pass_epa_per_dropback,SHRINKAGE_ADDS_VALUE,H2: skill_vs_ref=0.044[0.028] n=2732 | H4: skill_vs_ref=0.086[0.058] n=2351,NO_INCREMENTAL_VALUE,H2: skill_vs_ref=-0.027[-0.046] n=2721 | H4: skill_vs_ref=-0.047[-0.081] n=2342,SHRINKAGE_ONLY
team_offense,team_offense.pass_success_rate,SHRINKAGE_ADDS_VALUE,H2: skill_vs_ref=0.044[0.029] n=2732 | H4: skill_vs_ref=0.088[0.060] n=2351,NO_INCREMENTAL_VALUE,H2: skill_vs_ref=-0.034[-0.054] n=2721 | H4: skill_vs_ref=-0.054[-0.088] n=2342,SHRINKAGE_ONLY
team_offense,team_offense.proe,NO_INCREMENTAL_VALUE,H2: skill_vs_ref=0.016[-0.001] n=2732 | H4: skill_vs_ref=0.030[-0.001] n=2351,NO_INCREMENTAL_VALUE,H2: skill_vs_ref=-0.058[-0.089] n=2721 | H4: skill_vs_ref=-0.072[-0.118] n=2342,NEITHER
team_offense,team_offense.rush_epa_per_play,SHRINKAGE_ADDS_VALUE,H2: skill_vs_ref=0.059[0.043] n=2732 | H4: skill_vs_ref=0.098[0.069] n=2351,NO_INCREMENTAL_VALUE,H2: skill_vs_ref=-0.010[-0.020] n=2721 | H4: skill_vs_ref=-0.018[-0.035] n=2342,SHRINKAGE_ONLY
team_offense,team_offense.rush_success_rate,SHRINKAGE_ADDS_VALUE,H2: skill_vs_ref=0.054[0.040] n=2732 | H4: skill_vs_ref=0.095[0.066] n=2351,NO_INCREMENTAL_VALUE,H2: skill_vs_ref=-0.016[-0.029] n=2721 | H4: skill_vs_ref=-0.027[-0.051] n=2342,SHRINKAGE_ONLY
team_offense,team_offense.success_rate,SHRINKAGE_ADDS_VALUE,H2: skill_vs_ref=0.036[0.021] n=2732 | H4: skill_vs_ref=0.066[0.036] n=2351,NO_INCREMENTAL_VALUE,H2: skill_vs_ref=-0.046[-0.071] n=2721 | H4: skill_vs_ref=-0.071[-0.110] n=2342,SHRINKAGE_ONLY
wr,wr.adot,UNVALIDATED,ambiguous: H2: skill_vs_ref=0.016[0.010] n=13728 | H4: skill_vs_ref=0.032[0.022] n=10029,NO_INCREMENTAL_VALUE,H2: skill_vs_ref=-0.065[-0.083] n=13689 | H4: skill_vs_ref=-0.085[-0.113] n=10002,NEITHER
wr,wr.catch_rate,SHRINKAGE_ADDS_VALUE,H2: skill_vs_ref=0.062[0.055] n=13728 | H4: skill_vs_ref=0.118[0.105] n=10029,NO_INCREMENTAL_VALUE,H2: skill_vs_ref=-0.005[-0.011] n=13689 | H4: skill_vs_ref=-0.008[-0.019] n=10002,SHRINKAGE_ONLY
wr,wr.explosive_rec_rate,SHRINKAGE_ADDS_VALUE,H2: skill_vs_ref=0.078[0.069] n=13728 | H4: skill_vs_ref=0.153[0.135] n=10029,NO_INCREMENTAL_VALUE,H2: skill_vs_ref=-0.008[-0.012] n=13689 | H4: skill_vs_ref=-0.012[-0.019] n=10002,SHRINKAGE_ONLY
wr,wr.target_success_rate,SHRINKAGE_ADDS_VALUE,H2: skill_vs_ref=0.085[0.078] n=13728 | H4: skill_vs_ref=0.160[0.146] n=10029,NO_INCREMENTAL_VALUE,H2: skill_vs_ref=-0.003[-0.006] n=13689 | H4: skill_vs_ref=-0.005[-0.013] n=10002,SHRINKAGE_ONLY
wr,wr.yards_per_reception,SHRINKAGE_ADDS_VALUE,H2: skill_vs_ref=0.042[0.033] n=13699 | H4: skill_vs_ref=0.085[0.068] n=10029,NO_INCREMENTAL_VALUE,H2: skill_vs_ref=-0.013[-0.021] n=13660 | H4: skill_vs_ref=-0.014[-0.028] n=10002,SHRINKAGE_ONLY
wr,wr.yards_per_target,SHRINKAGE_ADDS_VALUE,H2: skill_vs_ref=0.078[0.068] n=13728 | H4: skill_vs_ref=0.155[0.137] n=10029,NO_INCREMENTAL_VALUE,H2: skill_vs_ref=-0.008[-0.013] n=13689 | H4: skill_vs_ref=-0.012[-0.021] n=10002,SHRINKAGE_ONLY
