family,metric,stage,horizon,n,spearman,skill_vs_reference,skill_vs_reference_ci_lo,skill_vs_reference_ci_hi,skill_vs_league,skill_vs_prior_season,reference_col
pass_protection,qb_hit_rate_allowed,oppadj_raw,2,2721,0.31700744675107423,-0.035002244472482014,-0.056214568859266185,-0.018161105786644455,0.0521027833548815,0.08352864816762551,shrunk_feature
pass_protection,qb_hit_rate_allowed,oppadj_raw,4,2341,0.39304200968638164,-0.05130630066746966,-0.08514086349022965,-0.0203156127002822,0.08064278433662186,0.1243366819700994,shrunk_feature
pass_protection,qb_hit_rate_allowed,oppadj_shrunk,2,2721,0.3118766404074403,-0.05080092354231769,-0.07212967038213525,-0.032377908493285555,0.037633709498332,0.06953927100286594,shrunk_feature
pass_protection,qb_hit_rate_allowed,oppadj_shrunk,4,2341,0.3848003578748102,-0.07908709128069202,-0.11449213375977045,-0.046464880238026876,0.05634875100791081,0.1011972607848336,shrunk_feature
pass_protection,rush_stuffed_rate_approx,oppadj_raw,2,2721,0.1552263281573032,-0.008502726504756142,-0.022291478485862187,0.003142607772487353,0.01672518111824839,0.033954379770380516,shrunk_feature
pass_protection,rush_stuffed_rate_approx,oppadj_raw,4,2341,0.2130694850299448,-0.008616599404194236,-0.034065211774750394,0.013391648646625691,0.02912442046485264,0.052499568805728036,shrunk_feature
pass_protection,rush_stuffed_rate_approx,oppadj_shrunk,2,2721,0.08777394765535179,-0.01502515460524978,-0.026141885894525395,-0.004294075850332713,0.010365912927264631,0.02770654034055353,shrunk_feature
pass_protection,rush_stuffed_rate_approx,oppadj_shrunk,4,2341,0.12168227687502953,-0.021531024613794525,-0.04026274138454756,-0.003075228645260403,0.01669323495081243,0.040367680968515396,shrunk_feature
pass_protection,sack_rate_allowed,oppadj_raw,2,2721,0.23087437353048637,-0.020810821037916982,-0.03980302498325936,-0.0056490436730578355,0.031760841064917056,0.07238287694991408,shrunk_feature
pass_protection,sack_rate_allowed,oppadj_raw,4,2341,0.3107061436045634,-0.0378108948281497,-0.07213919998895527,-0.009464207286090681,0.0543137991260062,0.1176588152714465,shrunk_feature
pass_protection,sack_rate_allowed,oppadj_shrunk,2,2721,0.2022600882600496,-0.03008585609908998,-0.05110123434435711,-0.013144698899184699,0.022963469444588158,0.06395459507601486,shrunk_feature
pass_protection,sack_rate_allowed,oppadj_shrunk,4,2341,0.2725977751109522,-0.05539938307000836,-0.09281235782767583,-0.023763083017201144,0.038286610832406365,0.10270517812016611,shrunk_feature
pass_rush,qb_hit_rate_generated,oppadj_raw,2,2721,0.15562854084860236,-0.009343008963514476,-0.019375445443690666,-0.001505818886962185,0.012108684855507201,0.043401945357335436,shrunk_feature
pass_rush,qb_hit_rate_generated,oppadj_raw,4,2341,0.1974265158120255,-0.016219073655788785,-0.0336548951893921,-0.00118938247038738,0.02046016379132376,0.08072820269657444,shrunk_feature
pass_rush,qb_hit_rate_generated,oppadj_shrunk,2,2721,0.12341787513797187,-0.016322750497133498,-0.027766670363834123,-0.0070533046560196655,0.0052772846458833955,0.03678694221799139,shrunk_feature
pass_rush,qb_hit_rate_generated,oppadj_shrunk,4,2341,0.14779264093263852,-0.02872268568554537,-0.048701276386288954,-0.011754268044228635,0.008407854995756692,0.06941743496808728,shrunk_feature
qb,adot,oppadj_raw,2,2420,0.3036381086231453,-0.00643985347221121,-0.02786083451613551,0.012827965639506661,0.04431345011845711,0.06733903809276032,shrunk_feature
qb,adot,oppadj_raw,4,1881,0.393295283297937,0.006184150984375969,-0.025535391275910833,0.03997983139290906,0.08699133547900828,0.11133451746030387,shrunk_feature
qb,adot,oppadj_shrunk,2,2420,0.2926189586569331,-0.01147166233776864,-0.02946891623209976,0.0037719305454358776,0.0395353880834558,0.05850450022884712,shrunk_feature
qb,adot,oppadj_shrunk,4,1881,0.36832037405686746,-0.015315381427158936,-0.04471068748061658,0.012538402911640502,0.06723993043317,0.09608458974957168,shrunk_feature
qb,completion_pct,oppadj_raw,2,2420,0.2330620560066924,-0.002591977875967544,-0.02003034083852576,0.012670795304625454,0.021387446694423606,0.056455231375894144,shrunk_feature
qb,completion_pct,oppadj_raw,4,1881,0.28087817674287235,-0.0007989223628865894,-0.032369819610008115,0.03173381596395665,0.039791546996850835,0.10269002802156169,shrunk_feature
qb,completion_pct,oppadj_shrunk,2,2420,0.21278878789305494,-0.004586646694479279,-0.023712032255327392,0.01039106236411073,0.019440485229981985,0.053197800561768926,shrunk_feature
qb,completion_pct,oppadj_shrunk,4,1881,0.25091402810258756,-0.004433496088336986,-0.036727345093289364,0.026679369788647822,0.036304384554668445,0.09834775360085923,shrunk_feature
qb,cpoe,oppadj_raw,2,2420,0.19486287118875303,-0.0051304620842838045,-0.020927317142208482,0.008021383588145171,0.02035066126655327,0.06066387716364985,shrunk_feature
qb,cpoe,oppadj_raw,4,1881,0.2361782923671767,-0.003334666673208364,-0.03502623508381364,0.023135093246137536,0.036493804516737116,0.1110634424421969,shrunk_feature
qb,cpoe,oppadj_shrunk,2,2420,0.1622824599832826,-0.011216267237757371,-0.027639935814895312,0.002856134780099802,0.014419137728904241,0.05397734641635055,shrunk_feature
qb,cpoe,oppadj_shrunk,4,1881,0.19008934044742126,-0.013437998843785603,-0.04454733146410671,0.013217257747456822,0.026791535209474082,0.10027229006367977,shrunk_feature
qb,cpoe_coverage_fraction,oppadj_raw,2,2420,0.28918186304480265,-0.03517644376231721,-0.05750570311862273,-0.013419604872404858,0.03575325358789605,-0.02939303283951844,shrunk_feature
qb,cpoe_coverage_fraction,oppadj_raw,4,1881,0.36599501578217836,-0.05038555601435113,-0.09433984769038875,-0.010292274727923252,0.05250764925987139,-0.05404122367624553,shrunk_feature
qb,cpoe_coverage_fraction,oppadj_shrunk,2,2420,0.25801872080648824,-0.04261973976008537,-0.06730045996529598,-0.019117144009782202,0.028819967971054905,-0.03795305272471294,shrunk_feature
qb,cpoe_coverage_fraction,oppadj_shrunk,4,1881,0.33050820637576994,-0.06186724881576611,-0.1081496240571734,-0.02120032163595429,0.04215067506063741,-0.06604727123315035,shrunk_feature
qb,dropback_success_rate,oppadj_raw,2,2420,0.27765791581070004,-0.035552591972924485,-0.05628949836198679,-0.01591098501931413,0.03753912544538984,0.06494980354919899,shrunk_feature
qb,dropback_success_rate,oppadj_raw,4,1881,0.3154338269841659,-0.058426926999739504,-0.10243455647323475,-0.01829527454893456,0.06278908856938681,0.11583817690307796,shrunk_feature
qb,dropback_success_rate,oppadj_shrunk,2,2420,0.21553293095677295,-0.04298149490435166,-0.0624434037076702,-0.0232716908395474,0.03063457181114071,0.05601288844218122,shrunk_feature
qb,dropback_success_rate,oppadj_shrunk,4,1881,0.23472194650124775,-0.0708749334251777,-0.10577782855881258,-0.03678355011435575,0.05176668621937375,0.10250032831000677,shrunk_feature
qb,epa_per_dropback,oppadj_raw,2,2420,0.262397189752512,-0.019891076060836843,-0.03681231309001973,-0.004088314104430619,0.03849672599155818,0.0678026608030522,shrunk_feature
qb,epa_per_dropback,oppadj_raw,4,1881,0.3283257908696286,-0.029491924614336362,-0.06126549635308577,0.000062682589811368,0.07308719813541753,0.12169421797648639,shrunk_feature
qb,epa_per_dropback,oppadj_shrunk,2,2420,0.22500358529205858,-0.029042318982791526,-0.04494028308784474,-0.013400323784959823,0.029869383094618174,0.05920659295064035,shrunk_feature
qb,epa_per_dropback,oppadj_shrunk,4,1881,0.26632755420968857,-0.04872872758657576,-0.07934040520384716,-0.021632046047452686,0.055767160439546326,0.1045571915684923,shrunk_feature
qb,explosive_pass_rate,oppadj_raw,2,2420,0.15638563662592203,-0.03506509631432486,-0.05275098213253955,-0.016835823609436876,-0.011314768158520616,0.04298582619104996,shrunk_feature
qb,explosive_pass_rate,oppadj_raw,4,1881,0.21200435451018265,-0.05624532589331732,-0.09757445780518674,-0.023349114551073805,-0.012966733152706356,0.0734646620743068,shrunk_feature
qb,explosive_pass_rate,oppadj_shrunk,2,2420,0.1308560346406082,-0.012871522032709137,-0.022792603765752577,-0.003139139409568083,0.010369558275770907,0.07076991269803079,shrunk_feature
qb,explosive_pass_rate,oppadj_shrunk,4,1881,0.17745409187175523,-0.02294996717003528,-0.04212504439163774,-0.0035563425854203317,0.01896438164446046,0.1135416731119071,shrunk_feature
qb,sack_rate,oppadj_raw,2,2420,0.3078980998335227,-0.026462435217140534,-0.04511101773125212,-0.008412292419149509,0.03740905702564168,0.06147628046524656,shrunk_feature
qb,sack_rate,oppadj_raw,4,1881,0.40159470700834443,-0.04109103585477136,-0.07863017065364951,-0.0025116591547439853,0.07307429255991227,0.11706928009541917,shrunk_feature
qb,sack_rate,oppadj_shrunk,2,2420,0.2864892846833999,-0.03200991057360136,-0.050293976596493546,-0.014621558426618247,0.03220677260558591,0.05800207558238912,shrunk_feature
qb,sack_rate,oppadj_shrunk,4,1881,0.3717889048485504,-0.05503975777472747,-0.08983374240459527,-0.02251760214358418,0.060655177911667524,0.10889300638522559,shrunk_feature
qb,yards_per_attempt,oppadj_raw,2,2420,0.23603237929701246,-0.011184912084461818,-0.024072070562858056,0.0008030206368142795,0.03288202443456545,0.07499092524877604,shrunk_feature
qb,yards_per_attempt,oppadj_raw,4,1881,0.31678778134943864,-0.015119902722557033,-0.039002562633048694,0.009952278714319975,0.06241648206448336,0.12892720772478572,shrunk_feature
qb,yards_per_attempt,oppadj_shrunk,2,2420,0.19138236724175237,-0.02377098459234639,-0.038533821380895096,-0.01103945173468671,0.020844446718880083,0.06585234437360987,shrunk_feature
qb,yards_per_attempt,oppadj_shrunk,4,1881,0.24590441029386986,-0.04291500022702177,-0.0681288773570438,-0.017518106767801963,0.036744415907861816,0.11032392553533255,shrunk_feature
rb,fumble_lost_rate,oppadj_raw,2,4353,0.007702165944082111,-0.04913537932724932,-0.0686360771625302,-0.0312675537581606,-0.05588822102261659,-0.003449067301396491,shrunk_feature
rb,fumble_lost_rate,oppadj_raw,4,3081,0.00392841536928477,-0.10157842976851383,-0.13656920689053384,-0.0712482917688152,-0.12396557536071051,0.022749877617860514,shrunk_feature
rb,fumble_lost_rate,oppadj_shrunk,2,4353,0.017157346867393574,0.004646634242336245,-0.021336588037488894,0.025871940109660967,-0.0017600353280129433,0.05659731738024243,shrunk_feature
rb,fumble_lost_rate,oppadj_shrunk,4,3081,0.00921449483414014,0.01708212798034736,-0.022231279631952854,0.05122736297224353,-0.002893504177501116,0.14015644940630445,shrunk_feature
rb,rush_epa_per_att,oppadj_raw,2,4353,0.16415725810119686,0.004828955722655182,-0.011060154114906797,0.019599901414756565,0.031088844621189105,0.048093907432257166,shrunk_feature
rb,rush_epa_per_att,oppadj_raw,4,3081,0.20062813709015828,0.0017749258163375359,-0.02158808117786761,0.02285066066372244,0.03783271254996323,0.107284678349862,shrunk_feature
rb,rush_epa_per_att,oppadj_shrunk,2,4353,0.13288986825182073,-0.009549819922556324,-0.019294888348471016,-0.0007607500723116727,0.017089486215970173,0.034271458060152526,shrunk_feature
rb,rush_epa_per_att,oppadj_shrunk,4,3081,0.15993137748819986,-0.01367073270900776,-0.029327211023082174,0.00342886158429834,0.022944980563903372,0.09152871036172905,shrunk_feature
rb,rush_success_rate,oppadj_raw,2,4353,0.20133325077561834,-0.03992970416702635,-0.06197665266162601,-0.016221496128619527,0.007529797942735006,-0.007348859805904828,shrunk_feature
rb,rush_success_rate,oppadj_raw,4,3081,0.2071290618876027,-0.0936203541485543,-0.13048060783776894,-0.0591652323156172,-0.027020337591160182,-0.025863274762803146,shrunk_feature
rb,rush_success_rate,oppadj_shrunk,2,4353,0.1807648382018072,-0.022117074101298373,-0.032890590031374296,-0.011490792170711967,0.024529509067117705,0.013944603723183513,shrunk_feature
rb,rush_success_rate,oppadj_shrunk,4,3081,0.18369572131020806,-0.038769757044526454,-0.05907193832848446,-0.019039332680658272,0.024489931526602948,0.02756130128064116,shrunk_feature
rb,yards_per_carry,oppadj_raw,2,4353,0.19388887682600128,-0.009407205307112365,-0.024404555589591828,0.003968198295533942,0.005608882442894703,0.050796983094232306,shrunk_feature
rb,yards_per_carry,oppadj_raw,4,3081,0.2608860003712926,-0.01664141753345194,-0.05233973399229551,0.01163572662153714,0.008586144014857355,0.08932424816529416,shrunk_feature
rb,yards_per_carry,oppadj_shrunk,2,4353,0.17265530538686186,0.004324270124384855,-0.004534376181173067,0.011823440527209909,0.019136086457532286,0.05871771372306167,shrunk_feature
rb,yards_per_carry,oppadj_shrunk,4,3081,0.23398666612386124,0.010801150807292381,-0.0036347944963888157,0.025376695193307933,0.035347735690752224,0.10472708323357816,shrunk_feature
team_defense,early_down_epa_per_play,oppadj_raw,2,2721,0.05204418432481582,-0.018244044033845164,-0.03001349967689789,-0.007299684218781335,0.008018540345236302,0.0522998172780057,shrunk_feature
team_defense,early_down_epa_per_play,oppadj_raw,4,2342,0.060433941713779235,-0.027452515136421773,-0.047162174071915176,-0.008196831928242304,0.012296391735170498,0.09109668906635093,shrunk_feature
team_defense,early_down_epa_per_play,oppadj_shrunk,2,2721,-0.02183045906176331,-0.022245458838648702,-0.03486427610819963,-0.010933636785135458,0.004120330164670616,0.0485756201526919,shrunk_feature
team_defense,early_down_epa_per_play,oppadj_shrunk,4,2342,-0.037213855560537336,-0.03383980285471733,-0.05433101766511868,-0.014174813569460343,0.0061562080931570895,0.08544637737844407,shrunk_feature
team_defense,epa_per_play,oppadj_raw,2,2721,0.0999622657742752,-0.019616918936251837,-0.030671721358677843,-0.00862984113040259,0.008741007071568552,0.05313935267350112,shrunk_feature
team_defense,epa_per_play,oppadj_raw,4,2342,0.1240303622663947,-0.029451921837068795,-0.05142537409060761,-0.008022011831987736,0.012061552934396813,0.09124301495248022,shrunk_feature
team_defense,epa_per_play,oppadj_shrunk,2,2721,0.036585013675551975,-0.02072017059274378,-0.031470258146493985,-0.01140652080205507,0.007668439418315187,0.05211482516887722,shrunk_feature
team_defense,epa_per_play,oppadj_shrunk,4,2342,0.0390666098347569,-0.02978885929317765,-0.048366458417063454,-0.012603891938618921,0.011738202751561233,0.09094558069618508,shrunk_feature
team_defense,explosive_rush_rate,oppadj_raw,2,2721,0.15440993008473236,-0.0034234335132921068,-0.013431669132825617,0.005576024767187926,0.012193412254697389,0.0418408467964132,shrunk_feature
team_defense,explosive_rush_rate,oppadj_raw,4,2342,0.21226492184682993,-0.003993444586173345,-0.022662299750724167,0.01337657586770112,0.0236981061999888,0.07327852401736668,shrunk_feature
team_defense,explosive_rush_rate,oppadj_shrunk,2,2721,0.14104674023799277,-0.006849186301784327,-0.017875276222660524,0.002157903629307742,0.008820976392191149,0.038569629201450684,shrunk_feature
team_defense,explosive_rush_rate,oppadj_shrunk,4,2342,0.19483805437053023,-0.011942226343274465,-0.031340764641042934,0.004897902721643947,0.015968563019495896,0.06594151718537422,shrunk_feature
team_defense,pass_epa_per_dropback,oppadj_raw,2,2721,0.0755019874903617,-0.010010082034315193,-0.019500656730579206,-0.0013805437195994101,0.008780242400394211,0.05181723314983877,shrunk_feature
team_defense,pass_epa_per_dropback,oppadj_raw,4,2342,0.09335282198834617,-0.010950635638842687,-0.02831419763754799,0.0045555706293403195,0.014728101744046818,0.09058616752552229,shrunk_feature
team_defense,pass_epa_per_dropback,oppadj_shrunk,2,2721,0.0017177903308222215,-0.014397077581128848,-0.025002550089900436,-0.0050331282463031,0.004474862939483626,0.04769878557220775,shrunk_feature
team_defense,pass_epa_per_dropback,oppadj_shrunk,4,2342,-0.008035719365619138,-0.018723009462825235,-0.03702799247774016,-0.001992572162784023,0.00715315076073697,0.08359442725897048,shrunk_feature
team_defense,pass_success_rate,oppadj_raw,2,2721,0.08270653342901321,-0.01211342323873632,-0.022149221296273638,-0.0030263148286975034,0.011985638362973172,0.0397042739609057,shrunk_feature
team_defense,pass_success_rate,oppadj_raw,4,2342,0.10571218503563262,-0.014698267433160606,-0.033896629915069316,0.001980903285775633,0.02168088930750023,0.06542801905712903,shrunk_feature
team_defense,pass_success_rate,oppadj_shrunk,2,2721,0.023255617788658225,-0.01868448754570129,-0.03017010969879447,-0.008247248768108104,0.0055710352587609036,0.033469631850030046,shrunk_feature
team_defense,pass_success_rate,oppadj_shrunk,4,2342,0.02150031076820249,-0.027225872634178527,-0.04840085412589147,-0.0085085319634046,0.00960242620893792,0.05388966407520668,shrunk_feature
team_defense,rush_success_rate,oppadj_raw,2,2721,0.10385956339638222,-0.012918834681512559,-0.024741671183729344,-0.0026868849910356477,0.0025945732743071215,0.05457386774695516,shrunk_feature
team_defense,rush_success_rate,oppadj_raw,4,2342,0.1464268287372064,-0.01675324774213416,-0.03805430285237285,0.003387892726757941,0.005896538660973949,0.09106395116261001,shrunk_feature
team_defense,rush_success_rate,oppadj_shrunk,2,2721,0.07298130380473265,-0.010984078173407186,-0.020660267553815923,-0.001133736102375227,0.0044996979244811275,0.056379707760666364,shrunk_feature
team_defense,rush_success_rate,oppadj_shrunk,4,2342,0.10062463356137005,-0.014316572969026886,-0.031506982111415144,0.003429431913432985,0.008278932650353843,0.09324223930232145,shrunk_feature
team_defense,success_rate,oppadj_raw,2,2721,0.09728027481099949,-0.018651122452103763,-0.033323128204207436,-0.005733740450295683,0.011507609369953986,0.05667110331575731,shrunk_feature
team_defense,success_rate,oppadj_raw,4,2342,0.1292965529048243,-0.023946474033566645,-0.049431726344254225,-0.0008802938777302433,0.019495630288794863,0.09290651744214373,shrunk_feature
team_defense,success_rate,oppadj_shrunk,2,2721,0.021820325758190547,-0.02178051219635968,-0.034834999280603005,-0.010630625255917781,0.008470870017950438,0.05377311036245069,shrunk_feature
team_defense,success_rate,oppadj_shrunk,4,2342,0.020102758939991854,-0.02958424020090722,-0.05097660794013143,-0.009304854775129679,0.014097052821447575,0.08791213436034595,shrunk_feature
team_offense,early_down_epa_per_play,oppadj_raw,2,2721,0.21837461000600472,-0.027651944453732646,-0.0499309447684658,-0.007431274674615934,0.028028112881064993,0.0692443330781537,shrunk_feature
team_offense,early_down_epa_per_play,oppadj_raw,4,2342,0.2802387230920374,-0.04676886085548815,-0.08470898733079693,-0.010705038119496225,0.0455568598565278,0.10570569873722835,shrunk_feature
team_offense,early_down_epa_per_play,oppadj_shrunk,2,2721,0.1892382725655185,-0.02584374306376147,-0.044073974005875406,-0.008079503876309136,0.029738342620605485,0.07088204096138684,shrunk_feature
team_offense,early_down_epa_per_play,oppadj_shrunk,4,2342,0.24245731522241726,-0.04376582297456166,-0.07278617718418794,-0.013106807910423632,0.04829502776754002,0.10827130778791583,shrunk_feature
team_offense,epa_per_play,oppadj_raw,2,2721,0.2896184531246434,-0.048452973514751196,-0.07551214654453915,-0.024657198655786264,0.03812822929873694,0.07170130138460107,shrunk_feature
team_offense,epa_per_play,oppadj_raw,4,2342,0.3637705223679552,-0.08165662447524902,-0.1304714947095691,-0.039564980325841055,0.06091402609672081,0.10623205715925266,shrunk_feature
team_offense,epa_per_play,oppadj_shrunk,2,2721,0.2683652319945158,-0.041815805883021584,-0.06329731528819343,-0.022360713447808326,0.044217299904327656,0.07757783970407595,shrunk_feature
team_offense,epa_per_play,oppadj_shrunk,4,2342,0.3373463494812393,-0.07010733115432077,-0.10718178189441555,-0.03541787124947605,0.07094103385571293,0.11577518563379807,shrunk_feature
team_offense,explosive_pass_rate,oppadj_raw,2,2721,0.18474680012288625,-0.004627639664195771,-0.016522593946765907,0.005629112525289077,0.022599600165196354,0.06273362673673721,shrunk_feature
team_offense,explosive_pass_rate,oppadj_raw,4,2342,0.23527362564005055,-0.0078121007580991275,-0.031500979152412616,0.013760640276938378,0.03984725193073224,0.10131186642182743,shrunk_feature
team_offense,explosive_pass_rate,oppadj_shrunk,2,2721,0.15025091899032555,-0.013767740469082135,-0.02241530916197554,-0.005841134606482448,0.013707212748688247,0.054206378635620056,shrunk_feature
team_offense,explosive_pass_rate,oppadj_shrunk,4,2342,0.1791430871918428,-0.025490125658282237,-0.0417777621378497,-0.009524066478031095,0.023005219397505328,0.0855479842547614,shrunk_feature
team_offense,pass_epa_per_dropback,oppadj_raw,2,2721,0.27116720003312805,-0.03508722938347253,-0.0581291123276157,-0.014451858992113568,0.03108278746123916,0.06146782282669716,shrunk_feature
team_offense,pass_epa_per_dropback,oppadj_raw,4,2342,0.3416106371875284,-0.06388223037954699,-0.10810744922675151,-0.024832256627509333,0.047557328899022644,0.09550887434149147,shrunk_feature
team_offense,pass_epa_per_dropback,oppadj_shrunk,2,2721,0.25149939953088024,-0.02749931282528273,-0.04609048417907319,-0.01233298277184205,0.038185631310367896,0.06834792302058035,shrunk_feature
team_offense,pass_epa_per_dropback,oppadj_shrunk,4,2342,0.3170200879394467,-0.04698530880895069,-0.08064473545087646,-0.018190979755055528,0.0626843313571247,0.10987429485058287,shrunk_feature
team_offense,pass_success_rate,oppadj_raw,2,2721,0.26705319374423736,-0.028581486531763733,-0.05237458761748374,-0.008253711741148417,0.043018983698639435,0.06239632163722797,shrunk_feature
team_offense,pass_success_rate,oppadj_raw,4,2342,0.3294301730005217,-0.04733550957989752,-0.09103400229988123,-0.010524111486325705,0.06452101045845116,0.09612938350864819,shrunk_feature
team_offense,pass_success_rate,oppadj_shrunk,2,2721,0.23912646253258066,-0.034119805863203734,-0.05411284132173117,-0.017683095428448828,0.037866191691587225,0.05734786544284809,shrunk_feature
team_offense,pass_success_rate,oppadj_shrunk,4,2342,0.2934517810604214,-0.053726514633313016,-0.08783061097057124,-0.023791916819834075,0.058812571381538614,0.09061382366675286,shrunk_feature
team_offense,proe,oppadj_raw,2,2721,0.3659569474458238,-0.045195109426743985,-0.07800892870504787,-0.017366139790910395,0.08591762602570474,0.09547428831187343,shrunk_feature
team_offense,proe,oppadj_raw,4,2342,0.42449753908530535,-0.052454766280970455,-0.10170898031364434,-0.007502774414643039,0.11883133113645927,0.12562722054154662,shrunk_feature
team_offense,proe,oppadj_shrunk,2,2721,0.35938475431730443,-0.057537028829634185,-0.08920419910447988,-0.032059275916932736,0.07512391786017292,0.08479342755122588,shrunk_feature
team_offense,proe,oppadj_shrunk,4,2342,0.41560285007160824,-0.07166132398161973,-0.1182515225649774,-0.031166264937987687,0.10275062398898105,0.10967053358587886,shrunk_feature
team_offense,rush_epa_per_play,oppadj_raw,2,2721,0.18956223687780074,-0.0008864617582995393,-0.011074063275135174,0.008909731337350374,0.022771451497913264,0.05429394728387926,shrunk_feature
team_offense,rush_epa_per_play,oppadj_raw,4,2342,0.2511103168343907,0.0026677945653346136,-0.016941244922300733,0.021220890959101013,0.0432901659384084,0.08564887057274162,shrunk_feature
team_offense,rush_epa_per_play,oppadj_shrunk,2,2721,0.13452596355851507,-0.010100391439879841,-0.020374886555720114,-0.0003508754600632682,0.013775311103613963,0.04558799570784977,shrunk_feature
team_offense,rush_epa_per_play,oppadj_shrunk,4,2342,0.17630135780744,-0.017534580424146462,-0.03486128864740812,-0.0002560967066314766,0.023910654559436195,0.06712739469129803,shrunk_feature
team_offense,rush_success_rate,oppadj_raw,2,2721,0.2133756408486548,-0.004289023585207774,-0.01702150996454343,0.00724307702262045,0.03065021609932017,0.04736693807503356,shrunk_feature
team_offense,rush_success_rate,oppadj_raw,4,2342,0.2793588156784098,-0.004739300287697201,-0.02833449084152562,0.01685981551171964,0.05429178052606898,0.06964847751347492,shrunk_feature
team_offense,rush_success_rate,oppadj_shrunk,2,2721,0.15433633854602416,-0.015543752247543674,-0.028992928497140812,-0.003792003330160056,0.019787039722315214,0.03669110036801504,shrunk_feature
team_offense,rush_success_rate,oppadj_shrunk,4,2342,0.196963702551301,-0.0268978161461646,-0.050553013869641075,-0.005119888428995218,0.033435135849488984,0.049130509360876484,shrunk_feature
team_offense,success_rate,oppadj_raw,2,2721,0.27247253059874077,-0.04541324243924638,-0.0722761325898358,-0.021826710238206638,0.04782556233470625,0.07457742185335592,shrunk_feature
team_offense,success_rate,oppadj_raw,4,2342,0.33905521155751245,-0.07008177151842832,-0.11706462354918439,-0.030229781992113475,0.07271007702883325,0.10484667457235808,shrunk_feature
team_offense,success_rate,oppadj_shrunk,2,2721,0.24126899148588066,-0.04630890930324716,-0.07059125993425971,-0.023956178535483184,0.04700977862550482,0.0737845580318588,shrunk_feature
team_offense,success_rate,oppadj_shrunk,4,2342,0.29921867234331606,-0.07102468479559798,-0.11040858903266931,-0.033244712296015264,0.07189298622004925,0.10405790124856762,shrunk_feature
wr,adot,oppadj_raw,2,13689,0.7774029011049829,-0.05558968681943233,-0.07380453109787007,-0.03937156760645349,0.35015070663110015,-0.00026321045359467554,shrunk_feature
wr,adot,oppadj_raw,4,10002,0.8185527838020011,-0.07545778892981425,-0.10582385647702591,-0.047861935465708445,0.4222778015267913,-0.00043561948471149137,shrunk_feature
wr,adot,oppadj_shrunk,2,13689,0.7762258293206383,-0.06510771675280624,-0.08333946842444853,-0.048194523971565775,0.3442911523898079,-0.004734999067667056,shrunk_feature
wr,adot,oppadj_shrunk,4,10002,0.817009775412775,-0.08486968674443185,-0.11319078622645072,-0.058769249569687,0.417221850141961,-0.0029890766475211272,shrunk_feature
wr,catch_rate,oppadj_raw,2,13689,0.3292716330131685,0.0060076402356235015,-0.0010929720323418488,0.012981789837508391,0.053308727635750564,0.03351595644174166,shrunk_feature
wr,catch_rate,oppadj_raw,4,10002,0.418791743954023,0.011398579400321074,-0.0022406535598824863,0.025193409819235603,0.08764156238139376,0.06675268307131577,shrunk_feature
wr,catch_rate,oppadj_shrunk,2,13689,0.31720017147324375,-0.0053422196968297975,-0.01144053863232351,0.0004921326049287858,0.042498973179330934,0.01982455849640774,shrunk_feature
wr,catch_rate,oppadj_shrunk,4,10002,0.4018193436452741,-0.007789998299558176,-0.01926403095781974,0.003334018090448451,0.06993284741741412,0.0415466255483431,shrunk_feature
wr,explosive_rec_rate,oppadj_raw,2,13689,0.24072999330705672,0.0032164541474353214,-0.0016664968995329984,0.007957048142377491,0.025417455213781137,0.04499766446233322,shrunk_feature
wr,explosive_rec_rate,oppadj_raw,4,10002,0.31898750400105996,0.010992649442760571,0.0005617023055010468,0.01990872610628227,0.047091469626735716,0.08348076576922514,shrunk_feature
wr,explosive_rec_rate,oppadj_shrunk,2,13689,0.22913070390084112,-0.0084622338037188,-0.012354619088142914,-0.004674718127641895,0.013998882474937635,0.030319554424491413,shrunk_feature
wr,explosive_rec_rate,oppadj_shrunk,4,10002,0.3012299394372369,-0.011674646080042539,-0.019230443040207067,-0.004196954141262344,0.025251531579762898,0.055917222237917064,shrunk_feature
wr,target_success_rate,oppadj_raw,2,13689,0.17739375943985716,0.003075530350451716,-0.001278896397032364,0.007267478870443375,0.0156626964030796,0.037293052538609484,shrunk_feature
wr,target_success_rate,oppadj_raw,4,10002,0.24074645064006187,0.007640295436872502,-0.0011938330899407446,0.016885513480968003,0.03217097876214159,0.07044772450121439,shrunk_feature
wr,target_success_rate,oppadj_shrunk,2,13689,0.144080422024227,-0.0026885221535586368,-0.006267002661134835,0.0010864900565702713,0.009971420812679987,0.027077749370209014,shrunk_feature
wr,target_success_rate,oppadj_shrunk,4,10002,0.1898255928083608,-0.005280864879204206,-0.012689559405876377,0.0015388275084892299,0.01956922368838898,0.04962377628936887,shrunk_feature
wr,yards_per_reception,oppadj_raw,2,13660,0.47027461190747316,0.0008188321360789175,-0.008355232878384916,0.009842283409619595,0.08375299232509081,0.024865740283241178,shrunk_feature
wr,yards_per_reception,oppadj_raw,4,10002,0.5744188468243857,0.008999158775002236,-0.008468887036512803,0.025238834259276064,0.1373096662451041,0.054063605459098496,shrunk_feature
wr,yards_per_reception,oppadj_shrunk,2,13660,0.4625265786132024,-0.012971941075236026,-0.021083175656321968,-0.004559426306798061,0.07110688259565734,0.011341805281510187,shrunk_feature
wr,yards_per_reception,oppadj_shrunk,4,10002,0.5642090316446344,-0.014386104270166289,-0.028475808133009598,6.22063338215375e-6,0.11695222602694577,0.02895628179522136,shrunk_feature
wr,yards_per_target,oppadj_raw,2,13689,0.25506287413817386,0.0020088080896005778,-0.0030668198842355885,0.006658269093967916,0.024933009111038018,0.04340901619613402,shrunk_feature
wr,yards_per_target,oppadj_raw,4,10002,0.32543226723415747,0.008458183369141281,-0.0020703149723244876,0.018345330982414785,0.04723186271242852,0.08370569577918308,shrunk_feature
wr,yards_per_target,oppadj_shrunk,2,13689,0.23610738778219345,-0.008271158062092221,-0.012684165777742467,-0.004274375678543313,0.014889177318511138,0.028869734799149116,shrunk_feature
wr,yards_per_target,oppadj_shrunk,4,10002,0.29660221018786453,-0.011769341237566788,-0.020679296307645634,-0.003420913944657479,0.027795323962145346,0.05591662924301877,shrunk_feature
