family,metric,noise_class,k,horizon,n,oos_rmse_shrunk,oos_rmse_raw,oos_rmse_league
qb,epa_per_dropback,moderately noisy,1,2,2431,0.2297,0.23869,0.23421
qb,epa_per_dropback,moderately noisy,2,2,2431,0.22538,0.23869,0.23421
qb,epa_per_dropback,moderately noisy,4,2,2431,0.22184,0.23869,0.23421
qb,epa_per_dropback,moderately noisy,8,2,2431,0.22083,0.23869,0.23421
qb,epa_per_dropback,moderately noisy,12,2,2431,0.22163,0.23869,0.23421
qb,epa_per_dropback,moderately noisy,16,2,2431,0.22268,0.23869,0.23421
qb,epa_per_dropback,moderately noisy,1,4,1890,0.17281,0.18436,0.17756
qb,epa_per_dropback,moderately noisy,2,4,1890,0.16689,0.18436,0.17756
qb,epa_per_dropback,moderately noisy,4,4,1890,0.16174,0.18436,0.17756
qb,epa_per_dropback,moderately noisy,8,4,1890,0.15999,0.18436,0.17756
qb,epa_per_dropback,moderately noisy,12,4,1890,0.16095,0.18436,0.17756
qb,epa_per_dropback,moderately noisy,16,4,1890,0.16234,0.18436,0.17756
rb,fumble_lost_rate,highly noisy,1,2,4374,0.01701,0.01769,0.01503
rb,fumble_lost_rate,highly noisy,2,2,4374,0.01656,0.01769,0.01503
rb,fumble_lost_rate,highly noisy,4,2,4374,0.01599,0.01769,0.01503
rb,fumble_lost_rate,highly noisy,8,2,4374,0.01547,0.01769,0.01503
rb,fumble_lost_rate,highly noisy,12,2,4374,0.01524,0.01769,0.01503
rb,fumble_lost_rate,highly noisy,16,2,4374,0.01513,0.01769,0.01503
rb,fumble_lost_rate,highly noisy,1,4,3095,0.01253,0.0134,0.00987
rb,fumble_lost_rate,highly noisy,2,4,3095,0.01194,0.0134,0.00987
rb,fumble_lost_rate,highly noisy,4,4,3095,0.01121,0.0134,0.00987
rb,fumble_lost_rate,highly noisy,8,4,3095,0.01053,0.0134,0.00987
rb,fumble_lost_rate,highly noisy,12,4,3095,0.01023,0.0134,0.00987
rb,fumble_lost_rate,highly noisy,16,4,3095,0.01007,0.0134,0.00987
special_teams,st_epa_per_play,highly noisy,1,2,2731,0.20046,0.20441,0.19724
special_teams,st_epa_per_play,highly noisy,2,2,2731,0.19801,0.20441,0.19724
special_teams,st_epa_per_play,highly noisy,4,2,2731,0.1953,0.20441,0.19724
special_teams,st_epa_per_play,highly noisy,8,2,2731,0.19334,0.20441,0.19724
special_teams,st_epa_per_play,highly noisy,12,2,2731,0.19288,0.20441,0.19724
special_teams,st_epa_per_play,highly noisy,16,2,2731,0.19287,0.20441,0.19724
special_teams,st_epa_per_play,highly noisy,1,4,2350,0.15426,0.15966,0.15081
special_teams,st_epa_per_play,highly noisy,2,4,2350,0.15094,0.15966,0.15081
special_teams,st_epa_per_play,highly noisy,4,4,2350,0.14736,0.15966,0.15081
special_teams,st_epa_per_play,highly noisy,8,4,2350,0.14494,0.15966,0.15081
special_teams,st_epa_per_play,highly noisy,12,4,2350,0.14451,0.15966,0.15081
special_teams,st_epa_per_play,highly noisy,16,4,2350,0.14465,0.15966,0.15081
team_defense,epa_per_play,moderately noisy,1,2,2732,0.14911,0.15249,0.14732
team_defense,epa_per_play,moderately noisy,2,2,2732,0.14705,0.15249,0.14732
team_defense,epa_per_play,moderately noisy,4,2,2732,0.14483,0.15249,0.14732
team_defense,epa_per_play,moderately noisy,8,2,2732,0.14333,0.15249,0.14732
team_defense,epa_per_play,moderately noisy,12,2,2732,0.14306,0.15249,0.14732
team_defense,epa_per_play,moderately noisy,16,2,2732,0.14315,0.15249,0.14732
team_defense,epa_per_play,moderately noisy,1,4,2351,0.11585,0.12098,0.1104
team_defense,epa_per_play,moderately noisy,2,4,2351,0.11265,0.12098,0.1104
team_defense,epa_per_play,moderately noisy,4,4,2351,0.1091,0.12098,0.1104
team_defense,epa_per_play,moderately noisy,8,4,2351,0.10652,0.12098,0.1104
team_defense,epa_per_play,moderately noisy,12,4,2351,0.10589,0.12098,0.1104
team_defense,epa_per_play,moderately noisy,16,4,2351,0.10585,0.12098,0.1104
team_offense,epa_per_play,highly persistent,1,2,2732,0.14105,0.14395,0.15121
team_offense,epa_per_play,highly persistent,2,2,2732,0.13953,0.14395,0.15121
team_offense,epa_per_play,highly persistent,4,2,2732,0.13838,0.14395,0.15121
team_offense,epa_per_play,highly persistent,8,2,2732,0.13862,0.14395,0.15121
team_offense,epa_per_play,highly persistent,12,2,2732,0.13964,0.14395,0.15121
team_offense,epa_per_play,highly persistent,16,2,2732,0.14069,0.14395,0.15121
team_offense,epa_per_play,highly persistent,1,4,2351,0.1089,0.11303,0.12163
team_offense,epa_per_play,highly persistent,2,4,2351,0.10674,0.11303,0.12163
team_offense,epa_per_play,highly persistent,4,4,2351,0.10513,0.11303,0.12163
team_offense,epa_per_play,highly persistent,8,4,2351,0.10552,0.11303,0.12163
team_offense,epa_per_play,highly persistent,12,4,2351,0.10695,0.11303,0.12163
team_offense,epa_per_play,highly persistent,16,4,2351,0.10839,0.11303,0.12163
team_offense,proe,highly persistent,1,2,2732,0.05668,0.05754,0.0647
team_offense,proe,highly persistent,2,2,2732,0.05634,0.05754,0.0647
team_offense,proe,highly persistent,4,2,2732,0.05631,0.05754,0.0647
team_offense,proe,highly persistent,8,2,2732,0.05704,0.05754,0.0647
team_offense,proe,highly persistent,12,2,2732,0.05787,0.05754,0.0647
team_offense,proe,highly persistent,16,2,2732,0.05859,0.05754,0.0647
team_offense,proe,highly persistent,1,4,2351,0.04695,0.04816,0.05576
team_offense,proe,highly persistent,2,4,2351,0.04643,0.04816,0.05576
team_offense,proe,highly persistent,4,4,2351,0.04631,0.04816,0.05576
team_offense,proe,highly persistent,8,4,2351,0.04711,0.04816,0.05576
team_offense,proe,highly persistent,12,4,2351,0.04808,0.04816,0.05576
team_offense,proe,highly persistent,16,4,2351,0.04893,0.04816,0.05576
