family,entity_type,source,metric,predictive_status,rank_persistence,best_window_h2,best_window_h4,primary_n_h2,primary_n_h4,spearman_h4,skill_vs_league_h4,skill_vs_prior_season_h4,evidence,rank_evidence
pass_protection,team,pbp,pass_protection.qb_hit_rate_allowed,UNVALIDATED,RANK_PERSISTENT,season_to_date,season_to_date,2732,2350,0.4889311153781433,0.04127087571201782,0.08658848224337568,"ambiguous (H2: win=season_to_date n=2732 skill_vs_league=0.041[0.003,0.077] skill_vs_prior=0.073[0.034] spearman=0.402[0.341] | H4: win=season_to_date n=2350 skill_vs_league=0.041[-0.024,0.100] skill_vs_prior=0.087[0.026] spearman=0.489[0.415])",H2: spearman=0.40168059542198087[0.3409569216733502] n=2732 win=season_to_date | H4: spearman=0.4889311153781433[0.4150098697447896] n=2350 win=season_to_date
pass_protection,team,pbp,pass_protection.rush_stuffed_rate_approx,NO_INCREMENTAL_PERSISTENCE,RANK_PERSISTENT,prior_season,prior_season,2732,2350,0.1986291719390543,-0.02473838830755426,0.0,"H2: win=prior_season n=2732 skill_vs_league=-0.018[-0.048,0.011] skill_vs_prior=0.000[0.000] spearman=0.153[0.089] | H4: win=prior_season n=2350 skill_vs_league=-0.025[-0.076,0.025] skill_vs_prior=0.000[0.000] spearman=0.199[0.115]",H2: spearman=0.15260247808635738[0.08883160732059192] n=2732 win=prior_season | H4: spearman=0.1986291719390543[0.11450856710802855] n=2350 win=prior_season
pass_protection,team,pbp,pass_protection.sack_rate_allowed,UNVALIDATED,RANK_PERSISTENT,season_to_date,season_to_date,2732,2350,0.3793825369368223,-0.010961521020625753,0.05881551856557932,"ambiguous (H2: win=season_to_date n=2732 skill_vs_league=-0.001[-0.037,0.035] skill_vs_prior=0.042[0.007] spearman=0.287[0.225] | H4: win=season_to_date n=2350 skill_vs_league=-0.011[-0.079,0.054] skill_vs_prior=0.059[-0.003] spearman=0.379[0.294])",H2: spearman=0.2865148912087367[0.2247048098628443] n=2732 win=season_to_date | H4: spearman=0.3793825369368223[0.2941282089549583] n=2350 win=season_to_date
pass_rush,team,pbp,pass_rush.qb_hit_rate_generated,NO_INCREMENTAL_PERSISTENCE,RANK_PERSISTENT,prior_season,prior_season,2732,2350,0.24896144854680788,-0.06418013750798424,0.0,"H2: win=prior_season n=2732 skill_vs_league=-0.032[-0.060,-0.005] skill_vs_prior=0.000[0.000] spearman=0.128[0.067] | H4: win=prior_season n=2350 skill_vs_league=-0.064[-0.117,-0.016] skill_vs_prior=0.000[0.000] spearman=0.161[0.081]",H2: spearman=0.19170832486145323[0.13645295792749626] n=2732 win=season_to_date | H4: spearman=0.24896144854680788[0.17481789539052173] n=2350 win=season_to_date
pass_rush,team,pbp,pass_rush.sack_rate_generated,NO_INCREMENTAL_PERSISTENCE,NOT_RANK_PERSISTENT,prior_season,prior_season,2732,2350,0.16526876968545384,-0.08544757217407839,0.0,"H2: win=prior_season n=2732 skill_vs_league=-0.043[-0.071,-0.018] skill_vs_prior=0.000[0.000] spearman=0.058[-0.006] | H4: win=prior_season n=2350 skill_vs_league=-0.085[-0.136,-0.041] skill_vs_prior=0.000[0.000] spearman=0.072[-0.018]",H2: spearman=0.12821102552556551[0.07023076426446573] n=2732 win=season_to_date | H4: spearman=0.16526876968545384[0.0895724998152923] n=2350 win=season_to_date
qb,player,pbp,qb.adot,NO_INCREMENTAL_PERSISTENCE,RANK_PERSISTENT,prior_season,prior_season,1922,1543,0.36469371658441174,-0.02450004410802964,0.0,"H2: win=prior_season n=1922 skill_vs_league=-0.010[-0.050,0.029] skill_vs_prior=0.000[0.000] spearman=0.293[0.213] | H4: win=prior_season n=1543 skill_vs_league=-0.025[-0.097,0.042] skill_vs_prior=0.000[0.000] spearman=0.359[0.248]",H2: spearman=0.297086863596708[0.238925658252784] n=2504 win=trailing_5 | H4: spearman=0.36469371658441174[0.28621187225952216] n=1890 win=season_to_date
qb,player,pbp,qb.completion_pct,NO_INCREMENTAL_PERSISTENCE,RANK_PERSISTENT,prior_season,prior_season,1922,1543,0.25906038340704907,-0.06547277668859919,0.0,"H2: win=prior_season n=1922 skill_vs_league=-0.021[-0.063,0.016] skill_vs_prior=0.000[0.000] spearman=0.192[0.120] | H4: win=prior_season n=1543 skill_vs_league=-0.065[-0.144,0.000] skill_vs_prior=0.000[0.000] spearman=0.198[0.092]",H2: spearman=0.2013408408661247[0.14506298729391456] n=2431 win=season_to_date | H4: spearman=0.25906038340704907[0.1796198487450856] n=1890 win=season_to_date
qb,player,pbp,qb.cpoe,NO_INCREMENTAL_PERSISTENCE,RANK_PERSISTENT,prior_season,prior_season,1922,1543,0.2499157498154447,-0.08322660312085106,0.0,"H2: win=prior_season n=1922 skill_vs_league=-0.035[-0.070,0.000] skill_vs_prior=0.000[0.000] spearman=0.155[0.092] | H4: win=prior_season n=1543 skill_vs_league=-0.083[-0.156,-0.018] skill_vs_prior=0.000[0.000] spearman=0.165[0.078]",H2: spearman=0.19999975693667646[0.13860648139323126] n=2431 win=season_to_date | H4: spearman=0.2499157498154447[0.16529510205400239] n=1890 win=season_to_date
qb,player,pbp,qb.cpoe_coverage_fraction,UNVALIDATED,RANK_PERSISTENT,prior_season,prior_season,1922,1543,0.39026417852701767,0.09124466680464016,0.0,"ambiguous (H2: win=prior_season n=1922 skill_vs_league=0.052[0.002,0.094] skill_vs_prior=0.000[0.000] spearman=0.320[0.246] | H4: win=prior_season n=1543 skill_vs_league=0.091[0.026,0.146] skill_vs_prior=0.000[0.000] spearman=0.390[0.301])",H2: spearman=0.32001716524049434[0.2458148367694589] n=1922 win=prior_season | H4: spearman=0.39026417852701767[0.3008781408992141] n=1543 win=prior_season
qb,player,pbp,qb.dropback_success_rate,NO_INCREMENTAL_PERSISTENCE,RANK_PERSISTENT,season_to_date,season_to_date,2431,1890,0.4449915230801763,0.0026820623316872183,0.05686036024048269,"H2: win=season_to_date n=2431 skill_vs_league=0.009[-0.026,0.047] skill_vs_prior=0.030[-0.015] spearman=0.359[0.304] | H4: win=season_to_date n=1890 skill_vs_league=0.003[-0.061,0.064] skill_vs_prior=0.057[-0.022] spearman=0.445[0.369]",H2: spearman=0.3591651645186218[0.30447806687694107] n=2431 win=season_to_date | H4: spearman=0.4449915230801763[0.3685478860558256] n=1890 win=season_to_date
qb,player,pbp,qb.epa_per_dropback,NO_INCREMENTAL_PERSISTENCE,RANK_PERSISTENT,prior_season,season_to_date,1922,1890,0.3860739839695071,-0.03832902788722792,0.030179429512727673,"H2: win=prior_season n=1922 skill_vs_league=-0.013[-0.054,0.030] skill_vs_prior=0.000[-0.000] spearman=0.195[0.129] | H4: win=season_to_date n=1890 skill_vs_league=-0.038[-0.113,0.028] skill_vs_prior=0.030[-0.045] spearman=0.386[0.310]",H2: spearman=0.30583902084805087[0.24988734273889388] n=2431 win=season_to_date | H4: spearman=0.3860739839695071[0.3102720744344873] n=1890 win=season_to_date
qb,player,pbp,qb.explosive_pass_rate,NO_INCREMENTAL_PERSISTENCE,RANK_PERSISTENT,prior_season,season_to_date,1922,1890,0.2579299325041815,-0.10561992290732936,0.006942665251424951,"H2: win=prior_season n=1922 skill_vs_league=-0.049[-0.098,0.003] skill_vs_prior=0.000[0.000] spearman=0.084[0.009] | H4: win=season_to_date n=1890 skill_vs_league=-0.106[-0.169,-0.040] skill_vs_prior=0.007[-0.063] spearman=0.258[0.186]",H2: spearman=0.1833174373260803[0.13397467415673792] n=2431 win=season_to_date | H4: spearman=0.2579299325041815[0.18635149977477566] n=1890 win=season_to_date
qb,player,pbp,qb.interception_rate,NO_INCREMENTAL_PERSISTENCE,NOT_RANK_PERSISTENT,prior_season,prior_season,1922,1543,0.06033143186451604,-0.10757521549962323,0.0,"H2: win=prior_season n=1922 skill_vs_league=-0.052[-0.083,-0.024] skill_vs_prior=0.000[0.000] spearman=0.051[-0.016] | H4: win=prior_season n=1543 skill_vs_league=-0.108[-0.169,-0.049] skill_vs_prior=0.000[0.000] spearman=0.060[-0.029]",H2: spearman=0.051337995615539825[-0.01565475689910984] n=1922 win=prior_season | H4: spearman=0.06033143186451604[-0.029004760171860666] n=1543 win=prior_season
qb,player,pbp,qb.sack_rate,UNVALIDATED,RANK_PERSISTENT,season_to_date,season_to_date,2431,1890,0.42645876560496515,-0.004167632410447375,0.07427387869717939,"ambiguous (H2: win=season_to_date n=2431 skill_vs_league=-0.005[-0.040,0.030] skill_vs_prior=0.043[0.003] spearman=0.321[0.263] | H4: win=season_to_date n=1890 skill_vs_league=-0.004[-0.073,0.057] skill_vs_prior=0.074[-0.003] spearman=0.426[0.343])",H2: spearman=0.3211336351461481[0.2626194476795789] n=2431 win=season_to_date | H4: spearman=0.42645876560496515[0.3427356168155182] n=1890 win=season_to_date
qb,player,pbp,qb.yards_per_attempt,NO_INCREMENTAL_PERSISTENCE,RANK_PERSISTENT,prior_season,season_to_date,1922,1890,0.35872262947688355,-0.060311231419964084,0.016329186176908705,"H2: win=prior_season n=1922 skill_vs_league=-0.026[-0.071,0.018] skill_vs_prior=0.000[0.000] spearman=0.171[0.100] | H4: win=season_to_date n=1890 skill_vs_league=-0.060[-0.133,0.010] skill_vs_prior=0.016[-0.057] spearman=0.359[0.280]",H2: spearman=0.2661554067707319[0.20497223674834436] n=2431 win=season_to_date | H4: spearman=0.35872262947688355[0.2795527142001014] n=1890 win=season_to_date
rb,player,pbp,rb.explosive_rush_rate,NO_INCREMENTAL_PERSISTENCE,NOT_RANK_PERSISTENT,prior_season,prior_season,3883,2730,0.18762477925305704,-0.12936133884153023,0.0,"H2: win=prior_season n=3883 skill_vs_league=-0.075[-0.118,-0.036] skill_vs_prior=0.000[0.000] spearman=0.122[0.065] | H4: win=prior_season n=2730 skill_vs_league=-0.129[-0.203,-0.061] skill_vs_prior=0.000[0.000] spearman=0.188[0.110]",H2: spearman=0.12853727177607557[0.0753421012878509] n=4374 win=season_to_date | H4: spearman=0.18762477925305704[0.11013318787759635] n=2730 win=prior_season
rb,player,pbp,rb.fumble_lost_rate,NO_INCREMENTAL_PERSISTENCE,RANK_PERSISTENT,prior_season,prior_season,3883,2730,0.3876646797805964,-0.25410320314860435,0.0,"H2: win=prior_season n=3883 skill_vs_league=-0.126[-0.215,-0.058] skill_vs_prior=0.000[0.000] spearman=0.073[-0.016] | H4: win=prior_season n=2730 skill_vs_league=-0.254[-0.402,-0.132] skill_vs_prior=0.000[0.000] spearman=-0.065[-0.160]",H2: spearman=0.5378249464269703[0.469231735144611] n=3474 win=trailing_3 | H4: spearman=0.3876646797805964[0.3144901584623925] n=3094 win=trailing_5
rb,player,pbp,rb.rush_epa_per_att,NO_INCREMENTAL_PERSISTENCE,RANK_PERSISTENT,prior_season,prior_season,3883,2730,0.18156761983738995,-0.09512344969708053,0.0,"H2: win=prior_season n=3883 skill_vs_league=-0.033[-0.096,0.025] skill_vs_prior=0.000[-0.000] spearman=0.139[0.074] | H4: win=prior_season n=2730 skill_vs_league=-0.095[-0.192,-0.015] skill_vs_prior=0.000[-0.000] spearman=0.166[0.082]",H2: spearman=0.17113649693066488[0.11981158078871124] n=4374 win=season_to_date | H4: spearman=0.18156761983738995[0.11156020353256116] n=3095 win=season_to_date
rb,player,pbp,rb.rush_success_rate,NO_INCREMENTAL_PERSISTENCE,RANK_PERSISTENT,prior_season,prior_season,3883,2730,0.23851139011761702,0.025549351249861352,0.0,"H2: win=prior_season n=3883 skill_vs_league=0.020[-0.025,0.068] skill_vs_prior=0.000[0.000] spearman=0.207[0.141] | H4: win=prior_season n=2730 skill_vs_league=0.026[-0.054,0.096] skill_vs_prior=0.000[0.000] spearman=0.221[0.137]",H2: spearman=0.21987513383459215[0.16513980622803734] n=4374 win=season_to_date | H4: spearman=0.23851139011761702[0.17414649638650873] n=3095 win=season_to_date
rb,player,pbp,rb.yards_per_carry,NO_INCREMENTAL_PERSISTENCE,RANK_PERSISTENT,prior_season,prior_season,3883,2730,0.21762919103288267,-0.12688546151442726,0.0,"H2: win=prior_season n=3883 skill_vs_league=-0.088[-0.138,-0.047] skill_vs_prior=0.000[0.000] spearman=0.151[0.091] | H4: win=prior_season n=2730 skill_vs_league=-0.127[-0.195,-0.061] skill_vs_prior=0.000[0.000] spearman=0.218[0.149]",H2: spearman=0.16015216664316279[0.10744154765409623] n=4374 win=season_to_date | H4: spearman=0.21762919103288267[0.1485726357482733] n=2730 win=prior_season
special_teams,team,pbp,special_teams.fg_pct,NO_INCREMENTAL_PERSISTENCE,NOT_RANK_PERSISTENT,prior_season,season_to_date,2685,2349,0.12632549009968294,-0.13310490148023635,0.0020884890578447557,"H2: win=prior_season n=2685 skill_vs_league=-0.067[-0.089,-0.048] skill_vs_prior=0.000[0.000] spearman=-0.042[-0.104] | H4: win=season_to_date n=2349 skill_vs_league=-0.133[-0.205,-0.068] skill_vs_prior=0.002[-0.064] spearman=0.126[0.054]",H2: spearman=0.07535889875537083[0.014421696828443572] n=1456 win=trailing_3 | H4: spearman=0.12632549009968294[0.054461643218360827] n=2349 win=season_to_date
special_teams,team,pbp,special_teams.st_epa_per_play,NO_INCREMENTAL_PERSISTENCE,RANK_PERSISTENT,prior_season,prior_season,2732,2351,0.2663475867903512,-0.03470425729189519,0.0,"H2: win=prior_season n=2732 skill_vs_league=-0.023[-0.047,-0.001] skill_vs_prior=0.000[-0.000] spearman=0.191[0.129] | H4: win=prior_season n=2351 skill_vs_league=-0.035[-0.077,0.004] skill_vs_prior=0.000[-0.000] spearman=0.237[0.148]",H2: spearman=0.20783591510686156[0.15026991144232282] n=2731 win=season_to_date | H4: spearman=0.2663475867903512[0.1893087451751125] n=2350 win=season_to_date
team_defense,team,pbp,team_defense.early_down_epa_per_play,NO_INCREMENTAL_PERSISTENCE,RANK_PERSISTENT,season_to_date,prior_season,2732,2351,0.2333355204213689,-0.08418502952908713,-2.220446049250313e-16,"H2: win=season_to_date n=2732 skill_vs_league=-0.041[-0.069,-0.010] skill_vs_prior=0.004[-0.029] spearman=0.194[0.139] | H4: win=prior_season n=2351 skill_vs_league=-0.084[-0.130,-0.034] skill_vs_prior=-0.000[0.000] spearman=0.119[0.034]",H2: spearman=0.19397241841750798[0.1390541693653936] n=2732 win=season_to_date | H4: spearman=0.2333355204213689[0.15838201616640818] n=2351 win=season_to_date
team_defense,team,pbp,team_defense.epa_per_play,NO_INCREMENTAL_PERSISTENCE,RANK_PERSISTENT,season_to_date,prior_season,2732,2351,0.24152810409664832,-0.08440888984503347,0.0,"H2: win=season_to_date n=2732 skill_vs_league=-0.035[-0.060,-0.007] skill_vs_prior=0.009[-0.024] spearman=0.199[0.142] | H4: win=prior_season n=2351 skill_vs_league=-0.084[-0.138,-0.032] skill_vs_prior=0.000[-0.000] spearman=0.128[0.037]",H2: spearman=0.19881080046820726[0.14246102617872375] n=2732 win=season_to_date | H4: spearman=0.24152810409664832[0.166032716330515] n=2351 win=season_to_date
team_defense,team,pbp,team_defense.explosive_pass_rate,NO_INCREMENTAL_PERSISTENCE,NOT_RANK_PERSISTENT,prior_season,prior_season,2732,2351,0.10358203648709273,-0.07359690353904602,0.0,"H2: win=prior_season n=2732 skill_vs_league=-0.041[-0.065,-0.019] skill_vs_prior=0.000[0.000] spearman=0.041[-0.012] | H4: win=prior_season n=2351 skill_vs_league=-0.074[-0.120,-0.032] skill_vs_prior=0.000[0.000] spearman=0.069[-0.008]",H2: spearman=0.08085760071107692[0.03579045085975324] n=2732 win=trailing_3 | H4: spearman=0.10358203648709273[0.04229342147298978] n=2351 win=trailing_3
team_defense,team,pbp,team_defense.explosive_rush_rate,NO_INCREMENTAL_PERSISTENCE,RANK_PERSISTENT,prior_season,prior_season,2732,2351,0.21845213176902206,-0.05346664482473429,0.0,"H2: win=prior_season n=2732 skill_vs_league=-0.031[-0.063,-0.002] skill_vs_prior=0.000[0.000] spearman=0.162[0.098] | H4: win=prior_season n=2351 skill_vs_league=-0.053[-0.110,-0.000] skill_vs_prior=0.000[0.000] spearman=0.218[0.133]",H2: spearman=0.16151780828099052[0.09784364741334876] n=2732 win=prior_season | H4: spearman=0.21845213176902206[0.13259066538270778] n=2351 win=prior_season
team_defense,team,pbp,team_defense.pass_epa_per_dropback,NO_INCREMENTAL_PERSISTENCE,RANK_PERSISTENT,prior_season,prior_season,2732,2351,0.1884955986430881,-0.08174665709831275,0.0,"H2: win=prior_season n=2732 skill_vs_league=-0.044[-0.073,-0.016] skill_vs_prior=0.000[-0.000] spearman=0.087[0.024] | H4: win=prior_season n=2351 skill_vs_league=-0.082[-0.133,-0.034] skill_vs_prior=0.000[-0.000] spearman=0.106[0.020]",H2: spearman=0.15998079904846882[0.1027841371402247] n=2732 win=season_to_date | H4: spearman=0.1884955986430881[0.10866370221613462] n=2351 win=season_to_date
team_defense,team,pbp,team_defense.pass_success_rate,NO_INCREMENTAL_PERSISTENCE,RANK_PERSISTENT,prior_season,prior_season,2732,2351,0.22462137581350902,-0.046040044261371094,0.0,"H2: win=prior_season n=2732 skill_vs_league=-0.028[-0.056,-0.002] skill_vs_prior=0.000[0.000] spearman=0.126[0.062] | H4: win=prior_season n=2351 skill_vs_league=-0.046[-0.094,0.000] skill_vs_prior=0.000[0.000] spearman=0.168[0.086]",H2: spearman=0.2000221174617769[0.1464704243375827] n=2732 win=trailing_5 | H4: spearman=0.22462137581350902[0.1503099696621769] n=2351 win=trailing_5
team_defense,team,pbp,team_defense.rush_epa_per_play,NO_INCREMENTAL_PERSISTENCE,NOT_RANK_PERSISTENT,prior_season,prior_season,2732,2351,0.1541502105607078,-0.08014453039299396,0.0,"H2: win=prior_season n=2732 skill_vs_league=-0.044[-0.067,-0.021] skill_vs_prior=0.000[-0.000] spearman=0.090[0.027] | H4: win=prior_season n=2351 skill_vs_league=-0.080[-0.121,-0.039] skill_vs_prior=0.000[-0.000] spearman=0.125[0.041]",H2: spearman=0.11651479264251666[0.055420450100607435] n=2732 win=season_to_date | H4: spearman=0.1541502105607078[0.07256900396407656] n=2351 win=season_to_date
team_defense,team,pbp,team_defense.rush_success_rate,NO_INCREMENTAL_PERSISTENCE,RANK_PERSISTENT,prior_season,prior_season,2732,2351,0.19624026545738707,-0.09200912920529425,0.0,"H2: win=prior_season n=2732 skill_vs_league=-0.054[-0.078,-0.030] skill_vs_prior=0.000[0.000] spearman=0.089[0.029] | H4: win=prior_season n=2351 skill_vs_league=-0.092[-0.132,-0.049] skill_vs_prior=0.000[0.000] spearman=0.125[0.047]",H2: spearman=0.16187351940395092[0.1105770671873025] n=2732 win=season_to_date | H4: spearman=0.19624026545738707[0.12374748060230786] n=2351 win=season_to_date
team_defense,team,pbp,team_defense.success_rate,NO_INCREMENTAL_PERSISTENCE,RANK_PERSISTENT,season_to_date,prior_season,2732,2351,0.24876323265217468,-0.07914083867477228,0.0,"H2: win=season_to_date n=2732 skill_vs_league=-0.032[-0.060,-0.004] skill_vs_prior=0.014[-0.020] spearman=0.212[0.151] | H4: win=prior_season n=2351 skill_vs_league=-0.079[-0.132,-0.031] skill_vs_prior=0.000[0.000] spearman=0.132[0.038]",H2: spearman=0.21206058798514807[0.15058743167750768] n=2732 win=season_to_date | H4: spearman=0.24876323265217468[0.16760759232154698] n=2351 win=season_to_date
team_offense,team,pbp,team_offense.early_down_epa_per_play,UNVALIDATED,RANK_PERSISTENT,season_to_date,season_to_date,2732,2351,0.3728555997364782,-0.0025335942522370924,0.06047443968988275,"ambiguous (H2: win=season_to_date n=2732 skill_vs_league=0.002[-0.033,0.037] skill_vs_prior=0.044[0.008] spearman=0.289[0.233] | H4: win=season_to_date n=2351 skill_vs_league=-0.003[-0.072,0.060] skill_vs_prior=0.060[-0.004] spearman=0.373[0.301])",H2: spearman=0.2891098733720201[0.2329602048230975] n=2732 win=season_to_date | H4: spearman=0.3728555997364782[0.301447754142085] n=2351 win=season_to_date
team_offense,team,pbp,team_offense.epa_per_play,VALIDATED_PERSISTENCE,RANK_PERSISTENT,season_to_date,season_to_date,2732,2351,0.47787180850602096,0.07072247949114019,0.11595302248697337,"H2: win=season_to_date n=2732 skill_vs_league=0.048[0.013,0.084] skill_vs_prior=0.082[0.049] spearman=0.380[0.317] | H4: win=season_to_date n=2351 skill_vs_league=0.071[0.007,0.134] skill_vs_prior=0.116[0.063] spearman=0.478[0.407]",H2: spearman=0.37952072115789787[0.3174082401422727] n=2732 win=season_to_date | H4: spearman=0.47787180850602096[0.40656637592864897] n=2351 win=season_to_date
team_offense,team,pbp,team_offense.explosive_pass_rate,NO_INCREMENTAL_PERSISTENCE,RANK_PERSISTENT,season_to_date,season_to_date,2732,2351,0.3013014916094315,-0.05092864095508576,0.015467355694273488,"H2: win=season_to_date n=2732 skill_vs_league=-0.027[-0.049,-0.002] skill_vs_prior=0.015[-0.012] spearman=0.220[0.173] | H4: win=season_to_date n=2351 skill_vs_league=-0.051[-0.093,-0.003] skill_vs_prior=0.015[-0.035] spearman=0.301[0.239]",H2: spearman=0.2195523080622172[0.17267343054622364] n=2732 win=season_to_date | H4: spearman=0.3013014916094315[0.23946524279066064] n=2351 win=season_to_date
team_offense,team,pbp,team_offense.explosive_rush_rate,NO_INCREMENTAL_PERSISTENCE,NOT_RANK_PERSISTENT,prior_season,prior_season,2732,2351,0.1821104349864148,-0.08163823940804993,0.0,"H2: win=prior_season n=2732 skill_vs_league=-0.045[-0.071,-0.015] skill_vs_prior=0.000[0.000] spearman=0.126[0.067] | H4: win=prior_season n=2351 skill_vs_league=-0.082[-0.129,-0.028] skill_vs_prior=0.000[0.000] spearman=0.165[0.082]",H2: spearman=0.13809635054624597[0.07908960321780915] n=2732 win=season_to_date | H4: spearman=0.1821104349864148[0.09978908268133704] n=2351 win=season_to_date
team_offense,team,pbp,team_offense.pass_epa_per_dropback,UNVALIDATED,RANK_PERSISTENT,season_to_date,season_to_date,2732,2351,0.4348269857912847,0.019790444759697268,0.0695462395398051,"ambiguous (H2: win=season_to_date n=2732 skill_vs_league=0.021[-0.011,0.054] skill_vs_prior=0.052[0.024] spearman=0.339[0.282] | H4: win=season_to_date n=2351 skill_vs_league=0.020[-0.039,0.077] skill_vs_prior=0.070[0.017] spearman=0.435[0.362])",H2: spearman=0.33892248447561885[0.28221410447083756] n=2732 win=season_to_date | H4: spearman=0.4348269857912847[0.36232695543293414] n=2351 win=season_to_date
team_offense,team,pbp,team_offense.pass_success_rate,UNVALIDATED,RANK_PERSISTENT,season_to_date,season_to_date,2732,2351,0.44909644975124446,0.020614552729799174,0.052953627685907056,"ambiguous (H2: win=season_to_date n=2732 skill_vs_league=0.027[-0.006,0.061] skill_vs_prior=0.046[0.015] spearman=0.359[0.301] | H4: win=season_to_date n=2351 skill_vs_league=0.021[-0.036,0.076] skill_vs_prior=0.053[-0.000] spearman=0.449[0.373])",H2: spearman=0.35877767466207094[0.30126546754973527] n=2732 win=season_to_date | H4: spearman=0.44909644975124446[0.37346547773449734] n=2351 win=season_to_date
team_offense,team,pbp,team_offense.proe,VALIDATED_PERSISTENCE,RANK_PERSISTENT,season_to_date,season_to_date,2732,2351,0.5187195829307768,0.13637401735016463,0.14318460894478457,"H2: win=season_to_date n=2732 skill_vs_league=0.111[0.069,0.153] skill_vs_prior=0.120[0.080] spearman=0.461[0.400] | H4: win=season_to_date n=2351 skill_vs_league=0.136[0.072,0.198] skill_vs_prior=0.143[0.084] spearman=0.519[0.445]",H2: spearman=0.4607707035804319[0.40012205284073954] n=2732 win=season_to_date | H4: spearman=0.5187195829307768[0.4454766771100132] n=2351 win=season_to_date
team_offense,team,pbp,team_offense.rush_epa_per_play,NO_INCREMENTAL_PERSISTENCE,RANK_PERSISTENT,prior_season,prior_season,2732,2351,0.2400391431810966,-0.046090702608577505,0.0,"H2: win=prior_season n=2732 skill_vs_league=-0.033[-0.068,-0.003] skill_vs_prior=0.000[-0.000] spearman=0.148[0.078] | H4: win=prior_season n=2351 skill_vs_league=-0.046[-0.103,0.004] skill_vs_prior=0.000[-0.000] spearman=0.196[0.104]",H2: spearman=0.1898699162645505[0.12871248715728026] n=2732 win=season_to_date | H4: spearman=0.2400391431810966[0.16143613064276213] n=2351 win=season_to_date
team_offense,team,pbp,team_offense.rush_success_rate,NO_INCREMENTAL_PERSISTENCE,RANK_PERSISTENT,prior_season,prior_season,2732,2351,0.2865217958636978,-0.016732373350855312,0.0,"H2: win=prior_season n=2732 skill_vs_league=-0.018[-0.054,0.018] skill_vs_prior=0.000[0.000] spearman=0.200[0.136] | H4: win=prior_season n=2351 skill_vs_league=-0.017[-0.077,0.041] skill_vs_prior=0.000[0.000] spearman=0.270[0.185]",H2: spearman=0.22590767184768143[0.16095486201678322] n=2732 win=season_to_date | H4: spearman=0.2865217958636978[0.20178984954722143] n=2351 win=season_to_date
team_offense,team,pbp,team_offense.success_rate,VALIDATED_PERSISTENCE,RANK_PERSISTENT,season_to_date,season_to_date,2732,2351,0.4806892642574283,0.07231182149987359,0.10430585044544571,"H2: win=season_to_date n=2732 skill_vs_league=0.055[0.019,0.092] skill_vs_prior=0.082[0.048] spearman=0.390[0.332] | H4: win=season_to_date n=2351 skill_vs_league=0.072[0.010,0.134] skill_vs_prior=0.104[0.048] spearman=0.481[0.406]",H2: spearman=0.38998181614192934[0.3319716951120671] n=2732 win=season_to_date | H4: spearman=0.4806892642574283[0.40634374220881603] n=2351 win=season_to_date
wr,player,pbp,wr.adot,UNVALIDATED,RANK_PERSISTENT,season_to_date,season_to_date,13728,10029,0.8241064329617606,0.4456432584562505,0.008530257444774758,"ambiguous (H2: win=season_to_date n=13728 skill_vs_league=0.375[0.357,0.393] skill_vs_prior=0.013[-0.012] spearman=0.783[0.769] | H4: win=season_to_date n=10029 skill_vs_league=0.446[0.423,0.469] skill_vs_prior=0.009[-0.031] spearman=0.824[0.808])",H2: spearman=0.7827787082499597[0.7687131673598767] n=13728 win=season_to_date | H4: spearman=0.8241064329617606[0.8075774511308802] n=10029 win=season_to_date
wr,player,pbp,wr.catch_rate,NO_INCREMENTAL_PERSISTENCE,RANK_PERSISTENT,prior_season,prior_season,12951,9541,0.38298404310592005,0.007888540333579885,0.0,"H2: win=prior_season n=12951 skill_vs_league=0.010[-0.007,0.027] skill_vs_prior=0.000[0.000] spearman=0.297[0.266] | H4: win=prior_season n=9541 skill_vs_league=0.008[-0.023,0.039] skill_vs_prior=0.000[0.000] spearman=0.380[0.339]",H2: spearman=0.30679900396101606[0.27935851263522443] n=13728 win=season_to_date | H4: spearman=0.38298404310592005[0.34949506153827364] n=10029 win=season_to_date
wr,player,pbp,wr.epa_per_target,NO_INCREMENTAL_PERSISTENCE,NOT_RANK_PERSISTENT,prior_season,prior_season,12951,9541,0.1733496678703275,-0.09436307051829718,0.0,"H2: win=prior_season n=12951 skill_vs_league=-0.046[-0.060,-0.032] skill_vs_prior=0.000[0.000] spearman=0.136[0.108] | H4: win=prior_season n=9541 skill_vs_league=-0.094[-0.124,-0.066] skill_vs_prior=0.000[-0.000] spearman=0.173[0.135]",H2: spearman=0.137537196727253[0.11144294592224696] n=13728 win=season_to_date | H4: spearman=0.1733496678703275[0.13478750249266774] n=9541 win=prior_season
wr,player,pbp,wr.explosive_rec_rate,NO_INCREMENTAL_PERSISTENCE,RANK_PERSISTENT,prior_season,prior_season,12951,9541,0.28558245683914923,-0.05516695871891897,0.0,"H2: win=prior_season n=12951 skill_vs_league=-0.034[-0.050,-0.018] skill_vs_prior=0.000[0.000] spearman=0.214[0.181] | H4: win=prior_season n=9541 skill_vs_league=-0.055[-0.087,-0.026] skill_vs_prior=0.000[0.000] spearman=0.281[0.239]",H2: spearman=0.22122305597067052[0.19581271010002888] n=13728 win=season_to_date | H4: spearman=0.28558245683914923[0.25204230736476446] n=10029 win=season_to_date
wr,player,pbp,wr.target_success_rate,NO_INCREMENTAL_PERSISTENCE,RANK_PERSISTENT,prior_season,prior_season,12951,9541,0.23218285923178664,-0.05115970568894346,0.0,"H2: win=prior_season n=12951 skill_vs_league=-0.033[-0.047,-0.018] skill_vs_prior=0.000[0.000] spearman=0.166[0.139] | H4: win=prior_season n=9541 skill_vs_league=-0.051[-0.078,-0.025] skill_vs_prior=0.000[0.000] spearman=0.232[0.192]",H2: spearman=0.16596383875520054[0.1385050749448072] n=12951 win=prior_season | H4: spearman=0.23218285923178664[0.19158252866504444] n=9541 win=prior_season
wr,player,pbp,wr.yards_per_reception,UNVALIDATED,RANK_PERSISTENT,prior_season,prior_season,12929,9541,0.5476157194920546,0.08143099530198694,0.0,"ambiguous (H2: win=prior_season n=12929 skill_vs_league=0.056[0.036,0.076] skill_vs_prior=0.000[0.000] spearman=0.440[0.411] | H4: win=prior_season n=9541 skill_vs_league=0.081[0.048,0.114] skill_vs_prior=0.000[0.000] spearman=0.535[0.502])",H2: spearman=0.45095039738542897[0.4280040977927345] n=13699 win=season_to_date | H4: spearman=0.5476157194920546[0.5167370936816074] n=10029 win=season_to_date
wr,player,pbp,wr.yards_per_target,NO_INCREMENTAL_PERSISTENCE,RANK_PERSISTENT,prior_season,prior_season,12951,9541,0.29419057683669053,-0.0526166812288138,0.0,"H2: win=prior_season n=12951 skill_vs_league=-0.028[-0.044,-0.013] skill_vs_prior=0.000[0.000] spearman=0.221[0.189] | H4: win=prior_season n=9541 skill_vs_league=-0.053[-0.083,-0.022] skill_vs_prior=0.000[0.000] spearman=0.283[0.238]",H2: spearman=0.2306111948332245[0.20511083424652318] n=13728 win=season_to_date | H4: spearman=0.29419057683669053[0.2587335437527818] n=10029 win=season_to_date
