family,metric,window,n,placebo_skill_vs_league_mean,placebo_skill_vs_league_p95_abs,placebo_spearman_mean,placebo_spearman_p95_abs,n_permutations
qb,epa_per_dropback,season_to_date,2696,-0.11433517312850885,0.1303542031092094,-0.0010820836164855082,0.038537728545836564,20
qb,epa_per_dropback,trailing_3,2870,-0.17726554403053513,0.18847105729701136,-0.008199611721456116,0.0338945968719708,20
qb,epa_per_dropback,trailing_5,2857,-0.1292556173262069,0.14378061017380117,-0.005497361065723397,0.036963547715318505,20
qb,epa_per_dropback,prior_season,2110,-0.07326582825623525,0.08351446488401497,-0.003512476407515152,0.03910856218968037,20
qb,dropback_success_rate,season_to_date,2696,-0.12555935513134564,0.13435306377650313,-0.001545081458510304,0.03638654418615762,20
qb,dropback_success_rate,trailing_3,2870,-0.18268936039522538,0.19278279671625984,-0.0006845946434207722,0.022798366339798922,20
qb,dropback_success_rate,trailing_5,2857,-0.13994478857587658,0.15472955215937734,-0.0067854920449476165,0.03382712213863689,20
qb,dropback_success_rate,prior_season,2110,-0.08374752901056312,0.09492492230647613,-0.009071590726082237,0.041106713423290565,20
qb,sack_rate,season_to_date,2696,-0.11202014850775328,0.12323232076422716,0.007155211988909267,0.030161306765008018,20
qb,sack_rate,trailing_3,2870,-0.1739903741956704,0.18302458513373046,-0.006296354213912661,0.02782209738548502,20
qb,sack_rate,trailing_5,2857,-0.12934767884380535,0.143875428978785,-0.0064191305158638745,0.0300568076349728,20
qb,sack_rate,prior_season,2110,-0.08871164470358453,0.102806847754605,0.000402202767792083,0.042886169069138017,20
qb,yards_per_attempt,season_to_date,2696,-0.11181545352350855,0.1208711757610015,0.0024250080330596524,0.03955695110904541,20
qb,yards_per_attempt,trailing_3,2870,-0.17337555674559038,0.18949911411864034,-0.006563170087301039,0.03911084355329719,20
qb,yards_per_attempt,trailing_5,2857,-0.12820503496478558,0.1377558330712918,-0.0045714333683176565,0.02204524990790766,20
qb,yards_per_attempt,prior_season,2110,-0.07606619050650902,0.08840785900950265,-0.0037677278819597286,0.04233471660865426,20
qb,completion_pct,season_to_date,2696,-0.09991639059926587,0.11287622791175556,0.0018573019047122199,0.02841748473764595,20
qb,completion_pct,trailing_3,2870,-0.16373048983986402,0.1721953451661706,-0.0037551754834761223,0.026600867480060703,20
qb,completion_pct,trailing_5,2857,-0.12220848081737982,0.13838200808491224,-0.0078906888321817,0.04314919873725956,20
qb,completion_pct,prior_season,2110,-0.07186355061430802,0.08709742691435952,0.004385011136698097,0.04595392190583211,20
qb,adot,season_to_date,2696,-0.10698241341364848,0.11638904379235271,0.007088039774041979,0.02706583205599352,20
qb,adot,trailing_3,2870,-0.17616376214075977,0.18823681085585228,0.00554388600964026,0.02858362819149524,20
qb,adot,trailing_5,2857,-0.12864639433666367,0.14675935139582919,0.002342619497911872,0.039430084283615656,20
qb,adot,prior_season,2110,-0.08850221125035163,0.10244459570701114,-0.0007956006573517947,0.045756275082895585,20
qb,cpoe,season_to_date,2696,-0.10869217072586287,0.1193034107180011,-0.001818681306669232,0.036684446340021916,20
qb,cpoe,trailing_3,2870,-0.16788524004400163,0.18124331954088027,0.0005173409165328815,0.03340006952897394,20
qb,cpoe,trailing_5,2857,-0.12822165039876893,0.14469703379341753,-0.007475071480285413,0.035668223177758335,20
qb,cpoe,prior_season,2110,-0.06478114803730825,0.07817118614993665,0.0005827374535299473,0.0425701218821979,20
qb,cpoe_coverage_fraction,season_to_date,2696,-0.10957425120679613,0.11998526500349789,-0.0013529861104600326,0.03508350067815368,20
qb,cpoe_coverage_fraction,trailing_3,2870,-0.18565649783237814,0.19379369417148934,-0.0029001344600858093,0.016136019082243058,20
qb,cpoe_coverage_fraction,trailing_5,2857,-0.13783012460966257,0.15142585316512544,0.0014036896427623013,0.031117396209620306,20
qb,cpoe_coverage_fraction,prior_season,2110,-0.07924944481594036,0.09084271360413004,-0.0006610667882115512,0.04100250003063415,20
qb,interception_rate,season_to_date,2696,-0.08120055437599048,0.09297260926807437,-0.007423726044248305,0.03003053759872721,20
qb,interception_rate,trailing_3,2870,-0.15224496336436502,0.1670331356560821,0.0006187528170407715,0.025506020342058018,20
qb,interception_rate,trailing_5,2857,-0.10433213844096326,0.1109283064438662,-0.004022313915679318,0.02205017752534192,20
qb,interception_rate,prior_season,2110,-0.04130423348858122,0.04890767163112584,-0.00783433741747219,0.038402810966988284,20
qb,explosive_pass_rate,season_to_date,2696,-0.09394876903101484,0.10548092236420764,0.0011497592696970646,0.030945971610498772,20
qb,explosive_pass_rate,trailing_3,2870,-0.16605645589608828,0.1792112734713463,-0.0031020262013264264,0.037698557028548664,20
qb,explosive_pass_rate,trailing_5,2857,-0.11111590275816748,0.12273974155553588,0.0024696192976610513,0.03028597098360249,20
qb,explosive_pass_rate,prior_season,2110,-0.06069999434246885,0.07473130851867363,0.0047342890840213715,0.0346324472549845,20
rb,rush_epa_per_att,season_to_date,5167,-0.09325757655602084,0.09893104632024956,0.0034907602194059915,0.02838649001088794,20
rb,rush_epa_per_att,trailing_3,3918,-0.16100105069408,0.17508339318134752,0.0015684528738418677,0.028204461167749748,20
rb,rush_epa_per_att,trailing_5,5040,-0.12747062817236765,0.13561792387375113,-0.0039253175932893415,0.03186548307357307,20
rb,rush_epa_per_att,prior_season,4597,-0.07803840251092849,0.08573025800484085,-0.0005280146191151087,0.02166769168929696,20
rb,rush_success_rate,season_to_date,5167,-0.10474518684740759,0.11526489483875178,0.0038625975619105703,0.026772441865899485,20
rb,rush_success_rate,trailing_3,3918,-0.1616990585019646,0.17788988089233349,-0.0001944667795879193,0.03023124191092979,20
rb,rush_success_rate,trailing_5,5040,-0.13112634544847204,0.13989835554546273,-0.0018874113894131138,0.022579630513848852,20
rb,rush_success_rate,prior_season,4597,-0.08364217837916299,0.08910170778397629,0.001647929183250578,0.01909171470409068,20
rb,yards_per_carry,season_to_date,5167,-0.10773061929321122,0.1167673223208614,0.00043295349479688806,0.024031073481969714,20
rb,yards_per_carry,trailing_3,3918,-0.16602284784103366,0.17824141380930916,0.004654730481047137,0.029875897752894818,20
rb,yards_per_carry,trailing_5,5040,-0.13623232573926597,0.14805138565359624,-0.004194737049914889,0.027565462503439445,20
rb,yards_per_carry,prior_season,4597,-0.08349966255994518,0.09036120460919367,-0.0019653286984382566,0.023747310691209948,20
rb,explosive_rush_rate,season_to_date,5167,-0.10256535132019426,0.10891291345854348,-0.0025248725249802867,0.027086151051863485,20
rb,explosive_rush_rate,trailing_3,3918,-0.15980782419615328,0.16899408989963674,-0.001340154883989837,0.024206857528782766,20
rb,explosive_rush_rate,trailing_5,5040,-0.1288331915674442,0.13956055322465039,0.00023062599045719267,0.022955406271865018,20
rb,explosive_rush_rate,prior_season,4597,-0.07381108688727812,0.08543534392988031,-0.005346377667713729,0.03606710819145489,20
rb,fumble_lost_rate,season_to_date,5167,-0.10486118463685434,0.10935923384519003,-0.033116890229049886,0.03919920805946255,20
rb,fumble_lost_rate,trailing_3,3918,-0.1390157088892694,0.14795958986068597,0.1464714118314886,0.1547252200352013,20
rb,fumble_lost_rate,trailing_5,5040,-0.10790229856594986,0.11657616205093804,-0.12082355723335522,0.1294552813575315,20
rb,fumble_lost_rate,prior_season,4597,-0.0696019551660891,0.07571613138155597,-0.06534216893540794,0.07302021673594311,20
wr,catch_rate,season_to_date,15596,-0.09945654868469009,0.10506219874051113,0.0007638310991314662,0.012756379884367671,20
wr,catch_rate,trailing_3,9701,-0.1489681070865466,0.15561652800249676,0.0021204407890251277,0.017822905844265106,20
wr,catch_rate,trailing_5,15137,-0.12024411818359564,0.12463913026188202,0.0011767300657471494,0.011096523450378273,20
wr,catch_rate,prior_season,14734,-0.07731826521271082,0.08186004665838745,0.0018037108307222267,0.011799541542035672,20
wr,yards_per_target,season_to_date,15596,-0.08513341459365738,0.08984399802176815,0.000041276040767464866,0.0145871376000581,20
wr,yards_per_target,trailing_3,9701,-0.1328757509875904,0.1385050192972711,-0.0017676136879173656,0.01703697148216556,20
wr,yards_per_target,trailing_5,15137,-0.10761064604167099,0.11298347095869744,0.0032568993144626475,0.013675593390370201,20
wr,yards_per_target,prior_season,14734,-0.0640473516027151,0.06712961760427126,0.000603859227567946,0.009994896946096928,20
wr,yards_per_reception,season_to_date,15115,-0.11982109882851588,0.12596835600633255,-0.0023897537610361214,0.014596567926428342,20
wr,yards_per_reception,trailing_3,9459,-0.1584238764184236,0.16664198145309936,-0.0007173071959955523,0.020790632476828597,20
wr,yards_per_reception,trailing_5,14631,-0.14416367327472235,0.1478314430486169,-0.005112284509225789,0.010223733851931614,20
wr,yards_per_reception,prior_season,14232,-0.10499637208164118,0.10899143338110528,0.0035048085769692145,0.015374017734860919,20
wr,adot,season_to_date,15596,-0.25664382135258873,0.26314285329938997,0.003658372978745672,0.019297385550605076,20
wr,adot,trailing_3,9701,-0.26820245862363307,0.2754020616336014,0.0012046236826370482,0.012224697676197068,20
wr,adot,trailing_5,15137,-0.26654246336054443,0.27113199121025383,0.00017486545321019535,0.010640085880390551,20
wr,adot,prior_season,14734,-0.24496673605348174,0.2519121605752014,0.0013898168673746063,0.014224564423121247,20
wr,epa_per_target,season_to_date,15596,-0.06878575954553307,0.07294261053133831,-0.00041728962729918866,0.011523295425925253,20
wr,epa_per_target,trailing_3,9701,-0.12766261333130635,0.13301664394829646,-0.0012963925808216034,0.012846818160074516,20
wr,epa_per_target,trailing_5,15137,-0.09332024437675117,0.09592369692354241,0.002296375005546661,0.01779161187084345,20
wr,epa_per_target,prior_season,14734,-0.04674295094578421,0.05095111291843205,0.0018141592101225987,0.016178225364933334,20
wr,target_success_rate,season_to_date,15596,-0.07741472200751509,0.08164335353762316,0.001267210774616486,0.011749289581562369,20
wr,target_success_rate,trailing_3,9701,-0.13685198759480977,0.14134069261392593,0.0014786531203375708,0.011040759224500972,20
wr,target_success_rate,trailing_5,15137,-0.10109411408469979,0.1049769752948344,0.0026234260522124955,0.012543591150756022,20
wr,target_success_rate,prior_season,14734,-0.05300325353115789,0.05606204051406019,-0.0008680219566707451,0.010418927626096334,20
wr,explosive_rec_rate,season_to_date,15596,-0.08503282452116263,0.0892612536549727,4.410544779229457e-6,0.010093102156041757,20
wr,explosive_rec_rate,trailing_3,9701,-0.13889577866098288,0.14633773473418057,0.005996799825102148,0.025010935142515643,20
wr,explosive_rec_rate,trailing_5,15137,-0.10879367972310319,0.11519693803797446,0.013804452881509074,0.027250521864054106,20
wr,explosive_rec_rate,prior_season,14734,-0.0625034001441935,0.06609018232322497,0.0017444417219096918,0.012544435600561898,20
team_offense,epa_per_play,season_to_date,2870,-0.10451248163295719,0.11092039214578835,-0.0040193277669316445,0.03229604778368411,20
team_offense,epa_per_play,trailing_3,2870,-0.18665553055154394,0.20282186081772477,-0.0028319167861053053,0.03660002294603602,20
team_offense,epa_per_play,trailing_5,2870,-0.1374625269835948,0.1481863521901501,-0.004107964638850613,0.03369470983463076,20
team_offense,epa_per_play,prior_season,2870,-0.08774355882150155,0.10011303995509978,-0.003671479520755487,0.037053411460414666,20
team_offense,success_rate,season_to_date,2870,-0.10786478911968604,0.11653515183472522,-0.0031210284135832346,0.02784929930243322,20
team_offense,success_rate,trailing_3,2870,-0.1891557426191866,0.1992699598352426,-0.001636969479024613,0.02395307487282519,20
team_offense,success_rate,trailing_5,2870,-0.14053462551242651,0.1516062499929197,-0.00032629701299842034,0.03469338044957299,20
team_offense,success_rate,prior_season,2870,-0.08642879264758524,0.09693384370297049,0.002797102527353189,0.030486612906008077,20
team_offense,pass_epa_per_dropback,season_to_date,2870,-0.09572632087052739,0.10314790681192658,-0.0072777762788289735,0.02567529283381961,20
team_offense,pass_epa_per_dropback,trailing_3,2870,-0.1753638878453387,0.1863551869312278,-0.003747648827313383,0.029859552591942368,20
team_offense,pass_epa_per_dropback,trailing_5,2870,-0.1261032620013575,0.13519775341455587,-0.007515615075485514,0.03247113230507544,20
team_offense,pass_epa_per_dropback,prior_season,2870,-0.07042134459367329,0.07859868479588988,-0.0037640048101167667,0.03198677558880195,20
team_offense,pass_success_rate,season_to_date,2870,-0.10441539219014259,0.11124102666638651,-0.006990955879304722,0.025502633881051003,20
team_offense,pass_success_rate,trailing_3,2870,-0.18244613699078877,0.19156221191567543,-0.002108387206625648,0.023721703438516175,20
team_offense,pass_success_rate,trailing_5,2870,-0.13394399995780756,0.14115600607435927,-0.004650675510277632,0.028412640794011682,20
team_offense,pass_success_rate,prior_season,2870,-0.07325518659372385,0.07969847973208039,0.0007039146996599434,0.024834220524264126,20
team_offense,rush_epa_per_play,season_to_date,2870,-0.06902924344625279,0.07871076532115316,0.00224175228780884,0.029173618755046746,20
team_offense,rush_epa_per_play,trailing_3,2870,-0.16546884268860856,0.18228871471178293,0.006206634012543943,0.0326452187511843,20
team_offense,rush_epa_per_play,trailing_5,2870,-0.11016927309621108,0.12587387902872316,0.00312660399551358,0.030020392662293373,20
team_offense,rush_epa_per_play,prior_season,2870,-0.051083917426880524,0.061417472066040625,-0.00011780463473557053,0.03825771307097311,20
team_offense,rush_success_rate,season_to_date,2870,-0.07735173673970018,0.09091665637525523,-0.0015455265292611876,0.03985143109824127,20
team_offense,rush_success_rate,trailing_3,2870,-0.17199274711282547,0.19090916786721196,0.00011950365206555603,0.03858008661561972,20
team_offense,rush_success_rate,trailing_5,2870,-0.11690027223952563,0.13179442558789056,-0.00009066916476859044,0.03616380158540035,20
team_offense,rush_success_rate,prior_season,2870,-0.05529506405762617,0.0653359072229045,0.0037869776990466482,0.030965537492733914,20
team_offense,early_down_epa_per_play,season_to_date,2870,-0.09303259494522144,0.10138103106593976,0.0004014328634137085,0.027214632890244797,20
team_offense,early_down_epa_per_play,trailing_3,2870,-0.18000077872641534,0.19012486142229362,0.0007508770554184232,0.032169038363868925,20
team_offense,early_down_epa_per_play,trailing_5,2870,-0.12883652196737666,0.1401031226571415,0.00046202388080900873,0.027060461858220218,20
team_offense,early_down_epa_per_play,prior_season,2870,-0.07126534025089395,0.08424877259806016,-0.0014786245207373467,0.027199698385527833,20
team_offense,explosive_pass_rate,season_to_date,2870,-0.07257000775306975,0.08114622952416732,0.006605575342589232,0.032413123506710856,20
team_offense,explosive_pass_rate,trailing_3,2870,-0.1659339782357776,0.1846757595688718,0.0014029207999027196,0.03369012666806051,20
team_offense,explosive_pass_rate,trailing_5,2870,-0.11210327011757952,0.12343191891906327,0.004048439361998268,0.025447426262033033,20
team_offense,explosive_pass_rate,prior_season,2870,-0.04744861105206265,0.05694193673412479,0.0027371261572245904,0.03965548747857591,20
team_offense,explosive_rush_rate,season_to_date,2870,-0.07128732700004062,0.08377332151730128,-0.0006251852046212508,0.04206040900901217,20
team_offense,explosive_rush_rate,trailing_3,2870,-0.1601540630474224,0.17897908971273588,0.00717986830175327,0.0397929587953805,20
team_offense,explosive_rush_rate,trailing_5,2870,-0.10609649963162315,0.11911341271720385,0.0036639909865812115,0.047038797731164525,20
team_offense,explosive_rush_rate,prior_season,2870,-0.046695852142948316,0.05252050703135911,0.0030383335210815883,0.020651305822585134,20
team_offense,proe,season_to_date,2870,-0.13511876119282187,0.1460540755163207,-0.0015412747092684092,0.03416655165031782,20
team_offense,proe,trailing_3,2870,-0.22521614539081095,0.241528950360761,0.0022044216986292324,0.030191961255125663,20
team_offense,proe,trailing_5,2870,-0.18046994777965897,0.19485700463641886,-0.0018070214664650535,0.029091103863305542,20
team_offense,proe,prior_season,2870,-0.13023994314973564,0.14070955045610514,0.0012537992308345677,0.023532894189092334,20
team_defense,epa_per_play,season_to_date,2870,-0.07888735231915694,0.08989070916005777,0.006292224526415542,0.03112468418029649,20
team_defense,epa_per_play,trailing_3,2870,-0.16472001390159888,0.1782707391563312,0.002698764497699255,0.022806666984003035,20
team_defense,epa_per_play,trailing_5,2870,-0.11222347437485292,0.12452945090152912,0.005522064140801426,0.034151855369957525,20
team_defense,epa_per_play,prior_season,2870,-0.04583780383374493,0.05249522841306847,0.007079251836077871,0.04438810671066909,20
team_defense,success_rate,season_to_date,2870,-0.08020495809366154,0.09323225194755642,0.005929176545975535,0.037456371309974736,20
team_defense,success_rate,trailing_3,2870,-0.1698966817914538,0.1824370264823727,0.005088703655196024,0.03961013726160779,20
team_defense,success_rate,trailing_5,2870,-0.1150570692955076,0.12934745082234966,0.005766475604818893,0.038100081110621846,20
team_defense,success_rate,prior_season,2870,-0.05074962241097214,0.05760090202904024,-0.002476576680867729,0.023297444539584874,20
team_defense,pass_epa_per_dropback,season_to_date,2870,-0.07417200297692042,0.08552689949752872,0.005908763490194998,0.03538571025257542,20
team_defense,pass_epa_per_dropback,trailing_3,2870,-0.1621916554756701,0.18059085957536847,0.0018534192259296992,0.03787245837235269,20
team_defense,pass_epa_per_dropback,trailing_5,2870,-0.10841506555480493,0.12492774136926685,0.0029642234110402723,0.03545882919091672,20
team_defense,pass_epa_per_dropback,prior_season,2870,-0.0398740452078162,0.04763852069163739,0.005634856495478772,0.0467201874003856,20
team_defense,pass_success_rate,season_to_date,2870,-0.0774923051082647,0.0868376580876928,0.004199954164527174,0.03466932077940214,20
team_defense,pass_success_rate,trailing_3,2870,-0.16665597046301275,0.18555301425136636,-0.00046176969191789906,0.055338668556380234,20
team_defense,pass_success_rate,trailing_5,2870,-0.11093103715990163,0.12297704549614621,0.00033080903713614724,0.032497171501375544,20
team_defense,pass_success_rate,prior_season,2870,-0.042177978950333685,0.049466538907267314,-0.002560368760745691,0.0323480549069477,20
team_defense,rush_epa_per_play,season_to_date,2870,-0.0667050054056358,0.0748637742194984,-0.0014652269260665436,0.025366589702255235,20
team_defense,rush_epa_per_play,trailing_3,2870,-0.15438464416693085,0.1654204688450935,-0.0024445539313706047,0.030305705187427118,20
team_defense,rush_epa_per_play,trailing_5,2870,-0.10006534533929727,0.10756294025730358,-0.0024914785966145283,0.02788144824535686,20
team_defense,rush_epa_per_play,prior_season,2870,-0.03952841961217444,0.046346926421396255,0.004174921723749262,0.029724912048518033,20
team_defense,rush_success_rate,season_to_date,2870,-0.07409347363052605,0.08381152532068765,0.0012051144820128309,0.027125459442454928,20
team_defense,rush_success_rate,trailing_3,2870,-0.16229137123258436,0.17705469445574015,0.0007857403245298732,0.043783368876694144,20
team_defense,rush_success_rate,trailing_5,2870,-0.10594051288797379,0.11936948334307067,0.00044496459554205415,0.028786857704884896,20
team_defense,rush_success_rate,prior_season,2870,-0.04596966429227874,0.052302017987054784,-0.001608792659480664,0.03388844410486095,20
team_defense,early_down_epa_per_play,season_to_date,2870,-0.07843206997556786,0.09168104175791772,0.005648567061014907,0.03746927093299865,20
team_defense,early_down_epa_per_play,trailing_3,2870,-0.16789781594164496,0.18060336503489774,0.0009718692326810598,0.030062959618772315,20
team_defense,early_down_epa_per_play,trailing_5,2870,-0.11270688903056954,0.12544356563906675,0.000944732087580102,0.041566724436073156,20
team_defense,early_down_epa_per_play,prior_season,2870,-0.045568346642079385,0.05197020566734305,0.0037567783836487795,0.02791966297532747,20
team_defense,explosive_pass_rate,season_to_date,2870,-0.05483324558263717,0.0655697082783627,0.010041787625775386,0.03751659247809184,20
team_defense,explosive_pass_rate,trailing_3,2870,-0.14471619219703835,0.15574914198681664,0.011252375633449854,0.03248161417676852,20
team_defense,explosive_pass_rate,trailing_5,2870,-0.09181772364223126,0.09908162888840916,0.012212076515231873,0.03885683694722106,20
team_defense,explosive_pass_rate,prior_season,2870,-0.0304980740613613,0.03596284007762318,0.006104154924786476,0.03005001456408437,20
team_defense,explosive_rush_rate,season_to_date,2870,-0.07472752056853067,0.08349660028368018,0.0038029115480869846,0.02964669732722767,20
team_defense,explosive_rush_rate,trailing_3,2870,-0.16258393460796175,0.174013043868842,0.0012651490757376563,0.02006376676685225,20
team_defense,explosive_rush_rate,trailing_5,2870,-0.10782805536257434,0.11825032311014065,0.001221573054082103,0.02791740882874872,20
team_defense,explosive_rush_rate,prior_season,2870,-0.04891662227574314,0.05784551131888171,-0.00294053234648754,0.03697581526965613,20
pass_protection,sack_rate_allowed,season_to_date,2870,-0.09245199360087081,0.0999315545377049,-0.000642911929256107,0.03486867494647068,20
pass_protection,sack_rate_allowed,trailing_3,2869,-0.17437790261504746,0.1859857574768031,-0.0014563766156754192,0.01890909636428357,20
pass_protection,sack_rate_allowed,trailing_5,2870,-0.12453041005184048,0.13384576941352228,-0.0012514198553003788,0.037082249653311035,20
pass_protection,sack_rate_allowed,prior_season,2870,-0.0658480249536016,0.07343688333436516,-0.00020546434516599603,0.034990863432213665,20
pass_protection,qb_hit_rate_allowed,season_to_date,2870,-0.12171712808530763,0.1378348429427166,-0.0008275350442438614,0.03883146602785585,20
pass_protection,qb_hit_rate_allowed,trailing_3,2869,-0.20250459999251044,0.22126039260003538,-0.005298168585674074,0.04433872523221915,20
pass_protection,qb_hit_rate_allowed,trailing_5,2870,-0.15197486697312118,0.16682496767060653,-0.002521804257723826,0.041599598331298025,20
pass_protection,qb_hit_rate_allowed,prior_season,2870,-0.09091700958009355,0.10065200641415917,0.0027713069107623165,0.03385208930660572,20
pass_protection,rush_stuffed_rate_approx,season_to_date,2870,-0.06375498413241013,0.07309100012513241,0.002536638660495052,0.03879526465664472,20
pass_protection,rush_stuffed_rate_approx,trailing_3,2869,-0.16482703697772147,0.18327774786239714,-0.002423110257346798,0.04065057026301356,20
pass_protection,rush_stuffed_rate_approx,trailing_5,2870,-0.10740209136369139,0.11734659092281698,0.002566490385591997,0.03142749403823306,20
pass_protection,rush_stuffed_rate_approx,prior_season,2870,-0.04240667518277521,0.0509593650864966,0.0005319423741575674,0.03870601113237444,20
pass_rush,sack_rate_generated,season_to_date,2870,-0.06285765520930107,0.07243940322057536,0.0040692344752304155,0.03750564253335532,20
pass_rush,sack_rate_generated,trailing_3,2869,-0.15990718538331303,0.17419481275358067,0.002290687620250844,0.03294677656660465,20
pass_rush,sack_rate_generated,trailing_5,2870,-0.10045979103726026,0.11330508376180852,0.0031044778614299504,0.04094997538384271,20
pass_rush,sack_rate_generated,prior_season,2870,-0.03354529693487891,0.04120567053527805,-0.002637621345991701,0.030893907190123145,20
pass_rush,qb_hit_rate_generated,season_to_date,2870,-0.07494522174756771,0.08358446996883144,0.003936544168471493,0.0323977572996625,20
pass_rush,qb_hit_rate_generated,trailing_3,2869,-0.16682880248395843,0.1822478557075203,0.0005441471368664408,0.044722065358550764,20
pass_rush,qb_hit_rate_generated,trailing_5,2870,-0.10585723179958775,0.11638756465989672,0.007794650365978513,0.03810640979218045,20
pass_rush,qb_hit_rate_generated,prior_season,2870,-0.04703662431624371,0.05291543788533665,0.0019861846091479237,0.0338366821602981,20
special_teams,st_epa_per_play,season_to_date,2869,-0.06450378485721604,0.07301887538691824,-0.00013577679063156412,0.026143134372799862,20
special_teams,st_epa_per_play,trailing_3,1556,-0.16044246248984706,0.17724786332506648,0.00800433158505622,0.03851017297051237,20
special_teams,st_epa_per_play,trailing_5,2870,-0.10956094736880488,0.11928848595428403,0.001923008580831935,0.027920460770576024,20
special_teams,st_epa_per_play,prior_season,2870,-0.036418142070404794,0.04316838166974905,0.004204527584863361,0.028212408247597805,20
special_teams,fg_pct,season_to_date,2530,-0.0555904701083053,0.06373142137965125,0.0010313127908841725,0.023712723846405204,20
special_teams,fg_pct,trailing_3,1387,-0.1699156577916074,0.20443236543504073,0.027084223518122896,0.0725845018156914,20
special_teams,fg_pct,trailing_5,2531,-0.09858852955890189,0.10810828005589805,0.010901287626707588,0.032056191663512576,20
special_teams,fg_pct,prior_season,2531,-0.034299421975176235,0.04171844693209288,0.000554867761814827,0.026205487302040066,20
